keys,en,es,pt,fr,de,ja,ko,zh
ABILITY_GUST_STEP,Gust Step,Paso de Ráfaga,Passo de Rajada,Pas de Bourrasque,Böenschritt,疾風歩,돌풍 걸음,疾风步
ABILITY_GUST_STEP_DESC,"Dash on the wind, even in mid-air. Refreshes your air jump.","Impúlsate con el viento, incluso en el aire. Recupera tu salto aéreo.","Avance com o vento, até no ar. Recupera seu salto aéreo.","Foncez sur le vent, même en l'air. Rend votre saut aérien.","Sprinte auf dem Wind, auch in der Luft. Erneuert den Luftsprung.",空中でも風に乗って踏み込む。空中ジャンプが回復する。,공중에서도 바람을 타고 돌진. 공중 점프가 회복된다.,乘风疾冲，空中亦可。重置空中跳跃。
ABILITY_JADE_PLATFORM,Jade Step,Peldaño de Jade,Degrau de Jade,Marche de Jade,Jadestufe,翡翠の足場,비취 발판,翠玉台
ABILITY_JADE_PLATFORM_DESC,Conjure a slab of jade to stand on. In the air it forms beneath you.,Conjura una losa de jade para pisar. En el aire aparece bajo tus pies.,"Conjure uma laje de jade para pisar. No ar, surge sob seus pés.","Invoquez une dalle de jade. En l'air, elle naît sous vos pieds.",Beschwöre eine Jadeplatte. In der Luft entsteht sie unter dir.,翡翠の板を生み出す。空中では足元に現れる。,비취 판을 불러낸다. 공중에서는 발밑에 생긴다.,召唤一块翠玉石板。在空中时会出现在脚下。
ABILITY_LEARNED,Warden art learned,Arte de Guardián aprendida,Arte de Guardião aprendida,Art des Gardiens appris,Hüterkunst erlernt,風守りの技を習得,바람지기의 기술 습득,习得守风之术
ABILITY_STILLNESS,Stillness,Quietud,Quietude,Immobilité,Stille,静寂,고요,止息
ABILITY_STILLNESS_DESC,"Borrow the Warden's art: the world slows around you, you do not.","Toma prestado el arte del Guardián: el mundo se ralentiza a tu alrededor, tú no.","Use a arte do Guardião: o mundo desacelera ao seu redor, você não.","Empruntez l'art du Gardien : le monde ralentit autour de vous, pas vous.","Leih dir die Kunst des Wächters: Die Welt verlangsamt sich, du nicht.",番人の技を借りる。周りの世界は遅くなり、あなたは遅くならない。,수호자의 기술: 주변 세상은 느려지고 당신은 그대로다.,借用守卫之术：周遭世界变慢，而你不受影响。
ABILITY_STRIDER_CALL,Strider Call,Llamada del Zancaviento,Chamado do Passovento,Appel de l'Arpenteur,Schreiterruf,風渡りの呼び笛,바람걸음이 부르기,唤驹哨
ABILITY_STRIDER_CALL_DESC,Whistle for your Windstrider. It comes running from wherever it is.,Silba a tu Zancaviento. Vendrá corriendo desde donde esté.,Assobie para seu Passovento. Ele vem correndo de onde estiver.,Sifflez votre Arpenteur. Il accourt d'où qu'il soit.,"Pfeif nach deinem Windschreiter. Er kommt angerannt, wo er auch ist.",口笛で風渡りを呼ぶ。どこにいても駆けつける。,휘파람으로 바람걸음이를 부른다. 어디서든 달려온다.,吹哨召唤御风驹，它会从任何地方奔来。
ABILITY_WIND_SIGHT,Wind Sight,Vista del Viento,Visão do Vento,Vue du Vent,Windsicht,風読み,바람의 눈,风视
ABILITY_WIND_SIGHT_DESC,"Listen to the wind: nearby chests, resources and hidden places glow for a while.","Escucha al viento: cofres, recursos y lugares ocultos cercanos brillan un rato.","Escute o vento: baús, recursos e lugares ocultos próximos brilham por um tempo.","Écoutez le vent : coffres, ressources et lieux cachés proches luisent un moment.","Lausche dem Wind: nahe Truhen, Rohstoffe und verborgene Orte leuchten auf.",風に耳を澄ます。近くの宝箱や素材、隠れた場所がしばらく光る。,"바람에 귀 기울이면 근처 상자, 자원, 숨은 장소가 잠시 빛난다.",倾听风声：附近的宝箱、资源与隐秘之地会短暂发光。
ACT_COOK,Cook,Cocinar,Cozinhar,Cuisiner,Kochen,料理する,요리,烹饪
ACT_CRAFT,Craft,Fabricar,Criar,Fabriquer,Herstellen,作る,제작,制作
ACT_EQUIP,Equip,Equipar,Equipar,Équiper,Ausrüsten,装備,장착,装备
ACT_QUICK,Quick slot,Acceso rápido,Atalho,Raccourci,Schnellplatz,ショートカット,빠른 슬롯,快捷栏
ACT_QUIT_TO_MENU,Title screen,Menú principal,Menu principal,Écran titre,Titelbild,タイトルへ,타이틀로,返回标题
ACT_SAVE,Save,Guardar,Salvar,Sauvegarder,Speichern,セーブ,저장,保存
ACT_UNEQUIP,Remove,Quitar,Remover,Retirer,Ablegen,外す,해제,卸下
ACT_USE,Use,Usar,Usar,Utiliser,Benutzen,使う,사용,使用
ANCHOR_EAST,The eastern hush lifts,Se alza el silencio del este,O silêncio do leste se ergue,Le silence de l'est se lève,Die Stille im Osten weicht,東の静けさが晴れる,동쪽의 정적이 걷힌다,东方的沉寂散去
ANCHOR_NORTH,The northern hush lifts,Se alza el silencio del norte,O silêncio do norte se ergue,Le silence du nord se lève,Die Stille im Norden weicht,北の静けさが晴れる,북쪽의 정적이 걷힌다,北方的沉寂散去
ANCHOR_RELEASED,Anchor Released,Ancla liberada,Âncora libertada,Ancre libérée,Anker gelöst,錨は解かれた,닻이 풀렸다,锚已解放
ANCHOR_WEST,The western hush lifts,Se alza el silencio del oeste,O silêncio do oeste se ergue,Le silence de l'ouest se lève,Die Stille im Westen weicht,西の静けさが晴れる,서쪽의 정적이 걷힌다,西方的沉寂散去
ARMOR_CLIMB_SPEED,Faster climbing,Escalada más rápida,Escalada mais rápida,Escalade plus rapide,Schneller klettern,登る速度アップ,등반 속도 증가,攀爬加速
ARMOR_COLD_RESIST,Keeps you warm,Abriga del frío,Protege do frio,Protège du froid,Hält warm,寒さに強くなる,추위에 강해짐,御寒
ARMOR_HEAT_RESIST,Keeps you cool,Protege del calor,Protege do calor,Protège de la chaleur,Hält kühl,暑さに強くなる,더위에 강해짐,防暑
ARMOR_LIGHTNING_IMMUNE,Grounds lightning,Desvía los rayos,Desvia raios,Détourne la foudre,Leitet Blitze ab,雷を逃がす,번개를 흘려보냄,引开雷电
ARMOR_SPEED,Faster movement,Movimiento más rápido,Movimento mais rápido,Déplacement plus rapide,Schnellere Bewegung,移動速度アップ,이동 속도 증가,移动加速
ARMOR_STAMINA_REGEN,Faster stamina recovery,Aguante se recupera antes,Vigor recupera mais rápido,Endurance plus rapide,Schnellere Ausdauer,がんばり回復アップ,기력 회복 증가,耐力恢复加快
BOSS_DEFEATED,Stillness Broken,Quietud quebrada,Quietude rompida,Le calme est brisé,Die Stille gebrochen,静寂は破られた,고요가 깨졌다,寂静被打破
BOSS_MATRIARCH_P2,The sand rises with her!,¡La arena se alza con ella!,A areia se ergue com ela!,Le sable se lève avec elle !,Der Sand erhebt sich mit ihr!,砂が女王と共に舞い上がる！,모래가 그녀와 함께 일어선다!,黄沙随她而起！
BOSS_MATRIARCH_P3,Her shell burns like the noon sun!,¡Su caparazón arde como el sol de mediodía!,Sua carapaça arde como o sol do meio-dia!,Sa carapace brûle comme le soleil de midi !,Ihr Panzer glüht wie die Mittagssonne!,甲殻が真昼の太陽のように燃える！,껍질이 한낮의 태양처럼 타오른다!,她的甲壳如正午烈日般燃烧！
BOSS_MATRIARCH_TITLE,Queen Beneath the Dunes,Reina bajo las Dunas,Rainha sob as Dunas,Reine sous les Dunes,Königin unter den Dünen,砂丘の下の女王,모래언덕 아래의 여왕,沙丘之下的女王
BOSS_THORNBACK_P2,The Sentinel's thorns burst from the stone!,¡Las espinas del Centinela brotan de la piedra!,Os espinhos do Sentinela brotam da pedra!,Les épines de la Sentinelle jaillissent de la pierre !,Die Dornen des Wächters brechen aus dem Stein!,番兵の茨が石を突き破る！,파수꾼의 가시가 돌을 뚫고 솟는다!,哨兵的荆刺破石而出！
BOSS_THORNBACK_TITLE,Warden of the Cloud Terrace,Guardián de la Terraza de Nubes,Guardião do Terraço de Nuvens,Gardien de la Terrasse des Nuées,Hüter der Wolkenterrasse,雲台の守り手,구름 누대의 수호자,云台守护者
BOSS_WARDEN_P2,The hush deepens. Shades gather.,El silencio se hace hondo. Se reúnen las sombras.,O silêncio se aprofunda. Sombras se reúnem.,Le silence s'épaissit. Les ombres s'assemblent.,Die Stille vertieft sich. Schatten sammeln sich.,静寂が深まる。影が集う。,정적이 깊어진다. 그림자가 모인다.,寂静加深，暗影聚集。
BOSS_WARDEN_P3,The Warden exhales at last!,¡El Guardián por fin exhala!,O Guardião enfim expira!,Le Gardien expire enfin !,Der Wächter atmet endlich aus!,番人がついに息を吐く！,수호자가 마침내 숨을 내쉰다!,守卫终于吐出了那口气！
BOSS_WARDEN_TITLE,Keeper of the Held Breath,Guardián del Aliento Contenido,Guardião do Fôlego Contido,Gardien du Souffle Retenu,Hüter des angehaltenen Atems,止められた息の番人,멈춘 숨의 파수꾼,屏息之守
BTN_ABILITY,Ability,Don,Dom,Don,Gabe,技,능력,技能
BTN_ATTACK,Attack,Atacar,Atacar,Attaque,Angriff,攻撃,공격,攻击
BTN_BAG,Bag,Bolsa,Bolsa,Sac,Tasche,持ち物,가방,背包
BTN_BLOCK,Guard,Bloquear,Bloquear,Garde,Blocken,ガード,방어,格挡
BTN_CLOSE,Fold,Plegar,Recolher,Replier,Einklappen,たたむ,접기,收起
BTN_CLOSE_MENU,Close,Cerrar,Fechar,Fermer,Schließen,閉じる,닫기,关闭
BTN_CYCLE,Next,Otro,Outro,Suivant,Nächste,次,다음,切换
BTN_DODGE,Dodge,Esquivar,Esquivar,Esquive,Ausweichen,回避,회피,闪避
BTN_DROP,Let go,Soltar,Soltar,Lâcher,Loslassen,手を離す,놓기,松手
BTN_GLIDE,Vela,Vela,Vela,Vela,Vela,ベラ,벨라,风帆
BTN_INTERACT,Use,Usar,Usar,Utiliser,Benutzen,使う,사용,使用
BTN_ITEM,Item,Objeto,Item,Objet,Item,アイテム,아이템,道具
BTN_JUMP,Jump,Saltar,Pular,Saut,Sprung,ジャンプ,점프,跳跃
BTN_LEAP,Leap,Impulso,Impulso,Bond,Satz,跳ぶ,도약,跃起
BTN_LEAVE,Leave,Salir,Sair,Partir,Gehen,去る,떠나기,离开
BTN_LOCK,Lock,Fijar,Mirar,Cibler,Fixieren,注目,고정,锁定
BTN_MAP,Map,Mapa,Mapa,Carte,Karte,地図,지도,地图
BTN_RESUME,Resume,Continuar,Continuar,Reprendre,Weiter,再開,계속,继续
BTN_TRACK,Track,Seguir,Seguir,Suivre,Verfolgen,追跡,추적,追踪
BTN_TRACKING,Tracking,Siguiendo,Seguindo,Suivie,Verfolgt,追跡中,추적 중,追踪中
BTN_TRADE,Trade,Comerciar,Negociar,Commercer,Handeln,取引,거래,交易
BTN_WEAPON,Swap,Cambiar,Trocar,Changer,Wechseln,持替,교체,切换
BUFF_ATTACK_UP,Fierce,Fiereza,Fúria,Férocité,Wildheit,攻撃アップ,공격 강화,攻击提升
BUFF_COLD_RESIST,Warm,Abrigo,Aquecido,Chaleur,Wärme,暖か,온기,保暖
BUFF_DEFENSE_UP,Stout,Robustez,Robustez,Robustesse,Zähigkeit,防御アップ,방어 강화,防御提升
BUFF_HEAT_RESIST,Cool,Frescor,Refresco,Fraîcheur,Kühle,ひんやり,냉기 보호,清凉
BUFF_REGEN,Mending,Regeneración,Regeneração,Régénération,Heilung,回復,재생,再生
BUFF_SPEED_UP,Swift,Presteza,Ligeireza,Célérité,Flinkheit,移動アップ,신속,迅捷
BUFF_STAMINA_REGEN,Vigor,Vigor,Vigor,Vigueur,Elan,活力,활력,活力
CAMP_HINT,Pick up to 5 ingredients. Unknown combinations show ???,Elige hasta 5 ingredientes. Las combinaciones nuevas muestran ???,Escolha até 5 ingredientes. Combinações novas mostram ???,Choisissez jusqu'à 5 ingrédients. Les combinaisons inconnues affichent ???,Bis zu 5 Zutaten wählen. Unbekannte Kombinationen: ???,材料を5つまで選ぶ。未知の組み合わせは ???,재료를 최대 5개 선택. 새 조합은 ???,最多选择5种食材。未知组合显示 ???
CAMP_REST_MORNING,Rest till morning,Descansar hasta la mañana,Descansar até de manhã,Dormir jusqu'au matin,Bis morgens ruhen,朝まで休む,아침까지 휴식,休息到早晨
CAMP_REST_NIGHT,Rest till night,Descansar hasta la noche,Descansar até a noite,Dormir jusqu'au soir,Bis nachts ruhen,夜まで休む,밤까지 휴식,休息到夜晚
CAMP_REST_NOON,Rest till noon,Descansar hasta mediodía,Descansar até meio-dia,Dormir jusqu'à midi,Bis mittags ruhen,昼まで休む,정오까지 휴식,休息到中午
CAMP_TITLE,Campfire,Fogata,Fogueira,Feu de camp,Lagerfeuer,焚き火,모닥불,篝火
CAT_ARMOR,Gear,Equipo,Equipamento,Tenue,Ausrüstung,防具,장비,装备
CAT_FOOD,Food,Comida,Comida,Nourriture,Essen,食べ物,음식,食物
CAT_KEY,Special,Especiales,Especiais,Spécial,Besonderes,大切なもの,특별,特殊
CAT_MATERIAL,Materials,Materiales,Materiais,Matériaux,Material,素材,재료,材料
CAT_TOOL,Tools,Herramientas,Ferramentas,Outils,Werkzeug,道具,도구,工具
CAT_WEAPON,Weapons,Armas,Armas,Armes,Waffen,武器,무기,武器
CHARGED_BOLT,Hold: fire bolt,Mantener: proyectil de fuego,Segurar: projétil de fogo,Maintenir : trait de feu,Halten: Feuerbolzen,長押し：火炎弾,길게: 화염탄,长按：火焰弹
CHARGED_SLAM,Hold: ground slam (breaks rock),Mantener: golpe al suelo (rompe rocas),Segurar: golpe no chão (quebra rochas),Maintenir : frappe au sol (brise la roche),Halten: Bodenstoß (bricht Fels),長押し：叩きつけ（岩も砕く）,길게: 내려찍기 (바위 파괴),长按：砸地（可击碎岩石）
CHARGED_SPIN,Hold: spin attack,Mantener: ataque giratorio,Segurar: giro,Maintenir : attaque tournoyante,Halten: Wirbelangriff,長押し：回転斬り,길게: 회전 공격,长按：回旋攻击
CHARGED_THRUST,Hold: lunging thrust,Mantener: estocada,Segurar: estocada,Maintenir : estoc,Halten: Sturmstoß,長押し：突進突き,길게: 돌진 찌르기,长按：突刺
CRAFT_NEEDS_CAMPFIRE,Needs a campfire,Requiere fogata,Requer fogueira,Feu de camp requis,Braucht Lagerfeuer,焚き火が必要,모닥불 필요,需要篝火
DIALOGUE_TAP,Tap to continue,Toca para continuar,Toque para continuar,Touchez pour continuer,Tippen zum Fortfahren,タップで次へ,탭하여 계속,点击继续
DLG_CARTO_1,You're Oren's apprentice? Then this belongs to you.,¿Eres aprendiz de Oren? Entonces esto es tuyo.,Você é aprendiz de Oren? Então isto é seu.,Vous êtes l'apprenti·e d'Oren ? Alors ceci vous revient.,Du bist Orens Lehrling? Dann gehört das dir.,オレンの弟子かい？ならこれはあなたのものだ。,오렌의 제자라고? 그럼 이건 네 것이야.,你是奥伦的学徒？那这个归你了。
DLG_CARTO_2,"Oren built this sail: the Vela. Jump from a height, jump again, and the wind will carry you.","Oren construyó esta vela: la Vela. Salta desde lo alto, vuelve a saltar y el viento te llevará.","Oren construiu esta vela: a Vela. Salte do alto, pule de novo e o vento levará você.","Oren a construit cette voile : la Vela. Sautez d'en haut, sautez encore, et le vent vous portera.","Oren hat dieses Segel gebaut: die Vela. Spring von oben, spring erneut, und der Wind trägt dich.",オレンが作った帆、ベラだ。高所から跳んで、もう一度跳べば風が運んでくれる。,"오렌이 만든 돛, 벨라야. 높은 곳에서 뛰고 한 번 더 뛰면 바람이 데려다 줄 거야.",这是奥伦做的帆——风帆。从高处跳下，再跳一次，风就会带着你走。
DLG_CARTO_3,"Oren's last letter spoke of the summit of Cendal, the tall peak to the north.","La última carta de Oren hablaba de la cumbre de Cendal, el pico alto del norte.","A última carta de Oren falava do cume de Cendal, o pico alto ao norte.","La dernière lettre d'Oren parlait du sommet de Cendal, le haut pic au nord.","Orens letzter Brief sprach vom Gipfel des Cendal, dem hohen Berg im Norden.",オレンの最後の手紙には、北の高峰センダルの頂のことが書かれていた。,"오렌의 마지막 편지에는 북쪽 높은 봉우리, 센달 정상 이야기가 있었어.",奥伦的最后一封信提到了北方高峰——森达尔峰顶。
DLG_CARTO_4,It's freezing up there. Cook something warming with emberroot before you climb.,Allí arriba hace un frío terrible. Cocina algo que abrigue con raíz de brasa antes de subir.,Lá em cima é gelado. Cozinhe algo quente com raiz-brasa antes de subir.,Il gèle là-haut. Cuisinez un plat réchauffant à la racine-braise avant de grimper.,"Dort oben ist es eisig. Koche etwas Wärmendes mit Glutwurzel, bevor du kletterst.",頂上は凍える寒さだ。登る前に熾火根で温まる料理を作っておきなさい。,위는 얼어붙을 만큼 추워. 오르기 전에 불씨뿌리로 따뜻한 요리를 해 둬.,山上冷得要命。上山前用余烬根做点暖身的菜。
DLG_CARTO_AFTER_1,The wind weakens every week. Keep your eyes on the horizon: every ruin hides something.,El viento se debilita cada semana. Mira al horizonte: cada ruina esconde algo.,O vento enfraquece a cada semana. Olhe o horizonte: cada ruína esconde algo.,Le vent faiblit chaque semaine. Gardez l'œil sur l'horizon : chaque ruine cache quelque chose.,Der Wind wird jede Woche schwächer. Behalte den Horizont im Blick: Jede Ruine verbirgt etwas.,風は週ごとに弱まる。地平線を見ていなさい。どの遺跡にも何かが隠れている。,바람이 매주 약해지고 있어. 지평선을 살펴. 모든 폐허엔 뭔가 숨어 있어.,风一周比一周弱。留意地平线：每座废墟都藏着东西。
DLG_CARTO_AFTER_2,The stone rings on the mountain slopes breathe upward. Ride them with the Vela.,Los anillos de piedra de las laderas exhalan hacia arriba. Súbete a ellos con la Vela.,Os anéis de pedra nas encostas sopram para cima. Suba neles com a Vela.,Les cercles de pierre des pentes soufflent vers le haut. Montez dessus avec la Vela.,Die Steinkreise an den Hängen atmen nach oben. Reite sie mit der Vela.,山腹の石の輪は上へ息を吐く。ベラで乗るといい。,산비탈의 돌 고리는 위로 숨을 내쉬어. 벨라로 타고 올라가.,山坡上的石环会向上吐息。用风帆乘上去吧。
DLG_MERCHANT_1,"Flint makes whetstones, and whetstones keep blades alive. Take one, on the house.","El pedernal hace piedras de afilar, y ellas mantienen vivas las hojas. Llévate una, invita la casa.","Sílex faz pedras de amolar, e elas mantêm as lâminas vivas. Leve uma, por conta da casa.","Le silex fait des pierres à aiguiser, qui gardent les lames en vie. Prenez-en une, c'est offert.","Aus Feuerstein werden Wetzsteine, und die halten Klingen am Leben. Nimm einen, geht aufs Haus.",火打石で砥石ができ、砥石が刃を生かす。ひとつ持っていきな、おごりだ。,"부싯돌로 숫돌을 만들고, 숫돌이 칼날을 살리지. 하나 가져가, 공짜야.",燧石做磨刀石，磨刀石让刀刃长存。拿一块吧，送你的。
DLG_MERCHANT_2,"Lightning loves metal. In a storm, put your iron away, or wear a lodestone charm.","Los rayos adoran el metal. En tormenta, guarda el hierro o lleva un amuleto de magnetita.","Raios adoram metal. Na tempestade, guarde o ferro ou use um amuleto de magnetita.","La foudre adore le métal. Par orage, rangez votre fer ou portez un talisman de magnétite.","Blitze lieben Metall. Bei Gewitter weg mit dem Eisen, oder trag ein Magnetit-Amulett.",雷は金属が好きだ。嵐の時は鉄をしまうか、磁石のお守りを着けな。,번개는 금속을 좋아해. 폭풍 땐 쇠붙이를 치우거나 자철석 부적을 차.,雷电偏爱金属。暴风雨时收起铁器，或者戴上磁石护符。
DLG_MERCHANT_NIGHT,Closed for the night. Wisps drift out after dark: mind the yellow lights.,Cerrado por la noche. Los fatuos salen al oscurecer: cuidado con las luces amarillas.,Fechado à noite. Os fátuos saem no escuro: cuidado com as luzes amarelas.,Fermé pour la nuit. Les feux follets sortent à la tombée : méfiez-vous des lumières jaunes.,Nachts geschlossen. Nach Einbruch der Dunkelheit treiben Irrlichter umher: Vorsicht vor gelben Lichtern.,今夜は店じまいだ。暗くなるとヒトダマが漂う。黄色い光に気をつけな。,밤엔 문 닫아. 어두워지면 도깨비불이 떠다니니 노란 불빛을 조심해.,晚上打烊了。天黑后鬼火会飘出来，小心黄色的光。
DLG_NOMAD_1,"Water, shade and trade, traveller. The desert gives nothing for free, but we do share.","Agua, sombra y comercio, viajero. El desierto no regala nada, pero nosotros compartimos.","Água, sombra e comércio, viajante. O deserto não dá nada de graça, mas nós partilhamos.","De l'eau, de l'ombre et du commerce, voyageur. Le désert ne donne rien, mais nous partageons.","Wasser, Schatten und Handel, Reisende. Die Wüste schenkt nichts, aber wir teilen.",水と日陰と商い。砂漠は何もくれないが、私たちは分け合う。,"물, 그늘, 거래라네. 사막은 공짜로 주지 않지만 우리는 나누지.",清水、树荫与交易，旅人。沙漠从不白给，但我们乐于分享。
DLG_NOMAD_2,"Cover your head at noon, keep a cool dish in your pack, and never sleep on open sand.","Cúbrete la cabeza a mediodía, lleva un plato fresco en la mochila y nunca duermas en arena abierta.","Cubra a cabeça ao meio-dia, leve um prato fresco na mochila e nunca durma na areia aberta.","Couvrez-vous la tête à midi, gardez un plat frais dans votre sac, et ne dormez jamais sur le sable nu.","Bedeck mittags den Kopf, trag ein kühlendes Gericht bei dir und schlafe nie auf offenem Sand.",昼は頭を覆い、冷たい料理を持ち歩き、砂の上で眠るな。,"한낮엔 머리를 가리고, 시원한 음식을 챙기고, 맨 모래 위에서 자지 마.",正午遮好头，背包里带份凉菜，千万别睡在露天沙地上。
DLG_NOMAD_NIGHT,"The desert night bites. Sit by the fire, the scuttlers hate it.",La noche del desierto muerde. Siéntate junto al fuego; los correplayas lo odian.,A noite no deserto morde. Sente-se perto do fogo; os corredores odeiam.,"La nuit du désert mord. Asseyez-vous près du feu, les grouillards le détestent.","Die Wüstennacht beißt. Setz dich ans Feuer, die Krabbler hassen es.",砂漠の夜は冷える。火のそばに。スカトラーは火が嫌いだ。,"사막의 밤은 매섭지. 불가에 앉아, 스커틀러는 불을 싫어하거든.",沙漠的夜很冷。坐到火边来，爬沙虫最怕火。
DLG_Q1_CARTO_1,"Oren left before dawn, heading for the old temple on the mountain's shoulder. He said the wind has been 'holding its breath'.","Oren se fue antes del alba, rumbo al viejo templo del hombro de la montaña. Dijo que el viento 'contiene el aliento'.","Oren partiu antes do amanhecer, rumo ao velho templo no ombro da montanha. Disse que o vento está 'prendendo o fôlego'.",Oren est parti avant l'aube vers le vieux temple sur l'épaule de la montagne. Il disait que le vent « retient son souffle ».,"Oren ging vor Sonnenaufgang zum alten Tempel an der Bergschulter. Er sagte, der Wind 'halte den Atem an'.",オレンは夜明け前に山の肩の古い寺へ向かった。風が「息を止めている」と言っていた。,오렌은 새벽 전에 산 어깨의 옛 사원으로 떠났어. 바람이 '숨을 참고 있다'고 했지.,奥伦天亮前就去了山肩上的古寺。他说风在“屏住呼吸”。
DLG_Q1_CARTO_2,"Climb to the Wind Overlook first. From up there you'll see the temple's roofs, and the updraft will lift your sail.",Sube primero al Mirador del Viento. Desde allí verás los tejados del templo y la corriente alzará tu vela.,Suba primeiro ao Mirante do Vento. De lá você verá os telhados do templo e a corrente erguerá sua vela.,"Montez d'abord au Belvédère du Vent. De là-haut vous verrez les toits du temple, et le courant soulèvera votre voile.","Steig zuerst zur Windwarte. Von dort siehst du die Tempeldächer, und der Aufwind hebt dein Segel.",まず風の見晴台へ登りなさい。そこから寺の屋根が見えるし、上昇気流が帆を持ち上げてくれる。,"먼저 바람 전망대에 올라. 거기서 사원 지붕이 보이고, 상승기류가 네 돛을 띄워줄 거야.",先登上风之观景台。从那里能看到寺庙屋顶，上升气流会托起你的风帆。
DLG_Q1_CARTO_3,And be careful. Nobody who went up there lately came back talking sense.,Y ten cuidado. Nadie que haya subido últimamente ha vuelto diciendo cosas con sentido.,E tome cuidado. Ninguém que subiu lá ultimamente voltou dizendo coisa com coisa.,"Et soyez prudent·e. Personne n'en est revenu en parlant sensé, ces temps-ci.","Und sei vorsichtig. Wer zuletzt hinaufging, kam nicht bei klarem Verstand zurück.",気をつけて。最近あそこへ行った者は、まともな話をして帰ってこなかった。,조심해. 요즘 거기 올라간 사람은 제정신으로 돌아오지 못했어.,小心。最近上去的人，回来后没一个说话正常。
DLG_Q2_NOMAD_1,"A Warden's apprentice? Then you're looking for the Sun Vault. The wind was buried there once, under glass.","¿Aprendiz de los Guardianes? Entonces buscas la Cripta del Sol. Allí enterraron una vez el viento, bajo el vidrio.","Aprendiz dos Guardiões? Então procura a Cripta do Sol. O vento foi enterrado lá uma vez, sob o vidro.","Apprenti·e des Gardiens ? Alors vous cherchez le Caveau du Soleil. On y enterra jadis le vent, sous le verre.","Ein Lehrling der Hüter? Dann suchst du das Sonnengewölbe. Dort wurde einst der Wind begraben, unter Glas.",風守りの弟子？なら太陽の宝庫を探しているね。かつて風が硝子の下に埋められた場所だ。,바람지기의 제자라고? 그럼 태양의 금고를 찾는군. 한때 바람이 유리 아래 묻혔던 곳이야.,守风人的学徒？那你在找太阳宝库。风曾被埋在那里的琉璃之下。
DLG_Q2_NOMAD_2,"South-east, past the dunes. And whatever sings under the hollow to the north... don't answer it.","Al sureste, tras las dunas. Y lo que sea que canta bajo la hondonada del norte... no le respondas.","A sudeste, além das dunas. E o que quer que cante sob a baixada ao norte... não responda.","Au sud-est, derrière les dunes. Et quoi qui chante sous le creux au nord... ne lui répondez pas.","Im Südosten, hinter den Dünen. Und was auch immer unter der Mulde im Norden singt … antworte ihm nicht.",南東、砂丘の向こう。北の窪地の下で歌うものには……答えるな。,"남동쪽, 모래언덕 너머야. 그리고 북쪽 분지 아래서 노래하는 것에게는... 대답하지 마.",东南方，沙丘之后。至于北边洼地下唱歌的东西……别回应它。
DLG_SQ_MUSH_DONE,"Ha! Smell that. Here, take a bowl for the road, and something for your trouble.",¡Ja! Huele eso. Toma un cuenco para el camino y algo por la molestia.,Ha! Sinta esse cheiro. Tome uma tigela para a estrada e algo pelo esforço.,"Ha ! Sentez-moi ça. Tenez, un bol pour la route, et de quoi vous remercier.","Ha! Riech das. Hier, eine Schüssel für unterwegs und etwas für die Mühe.",はは！いい匂いだ。道中用に一杯と、手間賃を持っていけ。,"하! 냄새 좋지? 가는 길에 한 그릇, 그리고 수고비도 받아.",哈！闻闻这香味。拿一碗路上吃，再收下这点谢礼。
DLG_SQ_MUSH_HINT,Cap mushrooms like shade and damp. Try under the big trees.,Las setas de sombrero aman la sombra y la humedad. Prueba bajo los árboles grandes.,Cogumelos gostam de sombra e umidade. Tente sob as árvores grandes.,Les champignons aiment l'ombre et l'humidité. Cherchez sous les grands arbres.,Hutpilze mögen Schatten und Feuchte. Versuch es unter den großen Bäumen.,カサキノコは日陰と湿気が好きだ。大きな木の下を探せ。,갓버섯은 그늘과 습기를 좋아해. 큰 나무 아래를 찾아봐.,伞菇喜阴喜湿，去大树底下找找。
DLG_SQ_MUSH_OFFER_1,"You look hungry. I'd feed you, but my stew needs cap mushrooms and my knees won't take me into the woods.","Pareces hambriento. Te daría de comer, pero mi guiso necesita setas de sombrero y mis rodillas no me llevan al bosque.","Você parece faminto. Eu te alimentaria, mas meu ensopado precisa de cogumelos e meus joelhos não me levam ao bosque.","Vous avez l'air affamé. Je vous nourrirais, mais mon ragoût veut des champignons et mes genoux refusent la forêt.","Du siehst hungrig aus. Mein Eintopf braucht Hutpilze, aber meine Knie tragen mich nicht mehr in den Wald.",腹が減ってそうだな。食わせてやりたいが、シチューにはカサキノコが要る。膝が森まで行かせてくれん。,배고파 보이는군. 먹여주고 싶지만 스튜엔 갓버섯이 필요하고 내 무릎은 숲까지 못 가.,你看起来饿了。我本想请你吃饭，可炖菜要伞菇，我的膝盖进不了林子。
DLG_SQ_MUSH_OFFER_2,Bring me five and I'll make it worth your while.,Tráeme cinco y te compensaré.,Traga cinco e eu recompensarei.,Rapportez-m'en cinq et vous ne le regretterez pas.,"Bring mir fünf, und es soll sich lohnen.",五つ持ってきてくれたら礼はする。,다섯 개 가져오면 섭섭지 않게 해주지.,带五朵来，我不会亏待你。
DLG_SQ_NOMAD_DONE,"Bless your feet. Take these, cool as the night wind.","Bendigo tus pies. Toma esto, fresco como el viento nocturno.","Abençoados seus pés. Tome, fresco como o vento da noite.","Bénis soient vos pieds. Tenez, frais comme le vent de la nuit.","Gesegnet seien deine Füße. Nimm das, kühl wie der Nachtwind.",その足に祝福を。夜風のように冷たいこれを。,네 발에 축복을. 밤바람처럼 시원한 이걸 받아.,愿你脚下生风。拿着，像夜风一样清凉。
DLG_SQ_NOMAD_OFFER_1,Our stores won't last to the next well. Sunpears keep a traveller walking.,Nuestras provisiones no llegarán al próximo pozo. Las solperas mantienen en pie al viajero.,Nossos mantimentos não chegam ao próximo poço. Solperas mantêm o viajante de pé.,Nos réserves ne tiendront pas jusqu'au prochain puits. Les poires-soleil font marcher le voyageur.,Unsere Vorräte reichen nicht bis zum nächsten Brunnen. Sonnenbirnen halten Reisende auf den Beinen.,蓄えは次の井戸までもたない。ヒナシがあれば旅人は歩き続けられる。,식량이 다음 우물까지 못 가. 햇배가 있으면 나그네는 계속 걸을 수 있지.,存粮撑不到下一口井了。日梨能让旅人继续赶路。
DLG_SQ_NOMAD_OFFER_2,Four would do. The cactus near the dunes bears them too.,Con cuatro basta. Los cactus cerca de las dunas también las dan.,Quatro bastam. Os cactos perto das dunas também as dão.,Quatre suffiront. Les cactus près des dunes en portent aussi.,Vier genügen. Die Kakteen bei den Dünen tragen sie auch.,四つで足りる。砂丘近くのサボテンにもなる。,네 개면 돼. 모래언덕 근처 선인장에도 열려.,四个就够。沙丘附近的仙人掌上也有。
DLG_SQ_STRIDER_HINT,"Don't sprint at them, they spook. Sneak.","No corras hacia ellos, se asustan. Acércate a hurtadillas.","Não corra até eles, se assustam. Vá devagar.","Ne courez pas vers eux, ils s'effraient. Approchez en douce.","Renn nicht auf sie zu, sie scheuen. Schleich dich an.",走って近づくと驚く。忍び寄れ。,뛰어가면 놀라. 살금살금 다가가.,别冲过去，它们会受惊。悄悄靠近。
DLG_SQ_STRIDER_OFFER_1,You've got the wind in your legs now. Ever ridden a windstrider? A herd grazes east of here.,Ya llevas el viento en las piernas. ¿Has montado un zancaviento? Una manada pasta al este.,Agora você tem o vento nas pernas. Já montou um passovento? Uma manada pasta a leste.,Vous avez le vent dans les jambes. Déjà monté un arpenteur ? Un troupeau paît à l'est.,Du hast jetzt Wind in den Beinen. Schon mal einen Windschreiter geritten? Östlich grast eine Herde.,もう脚に風が宿っているね。風渡りに乗ったことは？東で群れが草を食んでいる。,이제 다리에 바람이 깃들었구나. 바람걸음이 타봤어? 동쪽에 무리가 있어.,你腿上已有风了。骑过御风驹吗？东边有一群在吃草。
DLG_SQ_STRIDER_OFFER_2,"Creep up slowly, climb on, and hold on while it bucks. If it trusts you, it'll come when you whistle.","Acércate despacio, súbete y aguanta mientras corcovea. Si confía en ti, vendrá cuando silbes.","Aproxime-se devagar, monte e segure enquanto ele pinoteia. Se confiar em você, virá quando assobiar.","Approchez doucement, montez et tenez bon pendant qu'il rue. S'il vous fait confiance, il viendra au sifflet.","Schleich dich an, sitz auf und halte durch, wenn er bockt. Vertraut er dir, kommt er auf Pfiff.",そっと近づき、乗って、暴れる間しがみつけ。信頼されれば口笛で来るようになる。,"천천히 다가가 올라타고, 날뛰는 동안 버텨. 믿어주면 휘파람에 올 거야.",慢慢靠近，骑上去，在它乱蹦时抓牢。若它信任你，吹哨它就会来。
DLG_SQ_THORN_DONE,"Quiet nights again! Take these, my grandfather's cap and a good whetstone.","¡Vuelven las noches tranquilas! Toma, el gorro de mi abuelo y una buena piedra de afilar.",Noites tranquilas de novo! Tome o gorro do meu avô e uma boa pedra de amolar.,"Des nuits calmes à nouveau ! Tenez, le bonnet de mon grand-père et une bonne pierre.",Endlich ruhige Nächte! Nimm Großvaters Mütze und einen guten Wetzstein.,静かな夜が戻った！祖父の帽子と良い砥石を持っていけ。,다시 조용한 밤이야! 할아버지 모자랑 좋은 숫돌을 받아.,又能睡安稳觉了！拿着，我祖父的帽子和一块好磨石。
DLG_SQ_THORN_HINT,They move in little packs. Strike before they notice you.,Van en pequeñas manadas. Ataca antes de que te vean.,Andam em pequenos bandos. Ataque antes que notem você.,Ils vont en petites meutes. Frappez avant qu'ils vous voient.,"Sie ziehen in kleinen Rudeln. Schlag zu, bevor sie dich bemerken.",小さな群れで動く。気づかれる前に仕掛けろ。,작은 무리로 다녀. 알아채기 전에 쳐.,它们成小群活动。趁它们没发现你时出手。
DLG_SQ_THORN_OFFER_1,Thornlings dug up my garden again. They're coming from that den to the south-west.,Los espinillos volvieron a destrozar mi huerto. Vienen de esa guarida al suroeste.,Os espinhentos reviraram minha horta de novo. Vêm daquele covil a sudoeste.,Les épinards ont encore saccagé mon jardin. Ils viennent de la tanière au sud-ouest.,Die Dornlinge haben wieder meinen Garten umgegraben. Sie kommen aus dem Bau im Südwesten.,トゲモノがまた畑を荒らした。南西の巣穴から来ているんだ。,가시꾼들이 또 텃밭을 파헤쳤어. 남서쪽 굴에서 오는 거야.,荆棘怪又刨了我的菜园。它们是从西南那个巢穴来的。
DLG_SQ_THORN_OFFER_2,Drive off five of them and they'll think twice.,Ahuyenta a cinco y se lo pensarán dos veces.,Afaste cinco deles e pensarão duas vezes.,Chassez-en cinq et ils réfléchiront à deux fois.,"Vertreib fünf, dann überlegen sie es sich zweimal.",五匹追い払えば、奴らも考え直すさ。,다섯 마리만 쫓아내면 다시 생각할 거야.,赶走五只，它们就会三思了。
DLG_VILLAGER_1,Thornlings sleep at night. A careful traveler can slip past them... or strike first.,Los espinosos duermen de noche. Un viajero cuidadoso puede pasar de largo... o atacar primero.,Espinhentos dormem à noite. Um viajante cuidadoso passa despercebido... ou ataca primeiro.,Les épineux dorment la nuit. Un voyageur prudent peut passer... ou frapper le premier.,"Dornlinge schlafen nachts. Wer vorsichtig ist, schleicht vorbei … oder schlägt zuerst zu.",イバラモノは夜眠る。慎重な旅人ならすり抜けられる…先に仕掛けることも。,가시짐승은 밤에 잠들어. 조심스러운 여행자는 몰래 지나가거나… 먼저 친다.,棘兽夜里会睡觉。谨慎的旅人可以悄悄绕过……或者先下手为强。
DLG_VILLAGER_2,"Rain makes the cliffs slick. Wait it out by the fire, or climb and hope.","La lluvia vuelve resbaladizos los acantilados. Espera junto al fuego, o escala y reza.","A chuva deixa os penhascos escorregadios. Espere junto ao fogo, ou escale e torça.","La pluie rend les falaises glissantes. Attendez au coin du feu, ou grimpez en priant.","Regen macht die Klippen glatt. Warte am Feuer, oder klettere und hoffe.",雨で崖は滑る。火のそばで待つか、祈りながら登るかだ。,"비가 오면 절벽이 미끄러워. 불가에서 기다리거나, 기도하며 올라.",下雨时悬崖很滑。要么在火边等雨停，要么边爬边祈祷。
DLG_VILLAGER_NIGHT,Can't sleep. The stones are humming again.,No puedo dormir. Las piedras vuelven a zumbar.,Não consigo dormir. As pedras zumbem de novo.,Impossible de dormir. Les pierres bourdonnent encore.,Kann nicht schlafen. Die Steine summen wieder.,眠れない。また石が唸っている。,잠이 안 와. 돌들이 또 울리고 있어.,睡不着。石头又在低鸣了。
EVENT_SAND_SWARM,The sand stirs... scuttlers!,La arena se agita... ¡correplayas!,A areia se agita... corredores!,Le sable remue... des grouillards !,Der Sand regt sich … Krabbler!,砂がうごめく……スカトラーだ！,모래가 꿈틀댄다... 스커틀러다!,沙在翻涌……爬沙虫！
EVENT_STAR_FALL,A star has fallen close by!,¡Una estrella ha caído cerca!,Uma estrela caiu por perto!,Une étoile est tombée tout près !,Ganz in der Nähe ist ein Stern gefallen!,近くに星が落ちた！,가까이에 별이 떨어졌다!,附近有流星坠落！
EVENT_THORN_AMBUSH,Ambush! Thornlings in the dark!,¡Emboscada! ¡Espinillos en la oscuridad!,Emboscada! Espinhentos no escuro!,Embuscade ! Des épinards dans le noir !,Hinterhalt! Dornlinge im Dunkeln!,待ち伏せだ！闇の中にトゲモノ！,매복이다! 어둠 속 가시꾼들!,伏击！黑暗中的荆棘怪！
EVENT_VEIL_SURGE,The Veil surges! Shades take shape.,¡El Velo se agita! Las sombras toman forma.,O Véu se agita! Sombras tomam forma.,Le Voile déferle ! Des ombres prennent forme.,Der Schleier wogt! Schatten nehmen Gestalt an.,帳がうねる！影が形を成す。,장막이 요동친다! 그림자가 형체를 이룬다.,帷幕翻涌！暗影成形。
EVENT_WIND_RIFT,A wind rift has opened nearby!,¡Se ha abierto una grieta de viento cerca!,Uma fenda de vento se abriu por perto!,Une faille de vent s'est ouverte non loin !,In der Nähe hat sich ein Windriss geöffnet!,近くに風の裂け目が開いた！,근처에 바람의 균열이 열렸다!,附近出现了风之裂隙！
HUD_DAY,Day %d,Día %d,Dia %d,Jour %d,Tag %d,%d日目,%d일째,第%d天
INTRO_1,"The winds of Veloria have begun to falter. Kites fall from the sky, and the old stones hum at night.",Los vientos de Veloria han empezado a fallar. Las cometas caen del cielo y las piedras antiguas zumban de noche.,Os ventos de Veloria começaram a falhar. Pipas caem do céu e as pedras antigas zumbem à noite.,Les vents de Veloria faiblissent. Les cerfs-volants tombent du ciel et les vieilles pierres bourdonnent la nuit.,"Die Winde Velorias werden schwächer. Drachen fallen vom Himmel, und nachts summen die alten Steine.",ヴェロリアの風が弱まり始めた。凧は空から落ち、夜には古い石が唸る。,"벨로리아의 바람이 약해지기 시작했다. 연이 하늘에서 떨어지고, 밤이면 오래된 돌들이 울린다.",维洛利亚的风开始衰弱。风筝从天上坠落，古老的石头在夜里低鸣。
INTRO_2,"Your mentor, the cartographer Oren, climbed toward the peaks of Cendal to chart them, and never returned.","Tu mentor, el cartógrafo Oren, subió a cartografiar las cumbres de Cendal y nunca regresó.","Seu mentor, o cartógrafo Oren, subiu para mapear os picos de Cendal e nunca voltou.","Votre mentor, le cartographe Oren, est parti cartographier les sommets de Cendal et n'est jamais revenu.","Dein Mentor, der Kartograf Oren, stieg zu den Gipfeln von Cendal auf, um sie zu kartieren, und kehrte nie zurück.",師である地図職人オレンはセンダルの峰を測りに登り、戻らなかった。,스승인 지도제작자 오렌은 센달의 봉우리를 그리러 올라갔다가 돌아오지 않았다.,你的导师、制图师奥伦前往测绘森达尔群峰，却再也没有回来。
INTRO_3,"Find Tamsin in Heath Hamlet. After that, every horizon is yours to reach.","Busca a Tamsin en la Aldea del Brezo. Después, cada horizonte será tuyo.","Encontre Tamsin na Aldeia da Urze. Depois disso, todo horizonte é seu.","Trouvez Tamsin au Hameau de la Lande. Ensuite, chaque horizon vous appartient.",Finde Tamsin im Heideweiler. Danach gehört dir jeder Horizont.,ヒースの村でタムシンを探そう。その先は、すべての地平線があなたのものだ。,히스 마을에서 탐신을 찾아라. 그 뒤로는 모든 지평선이 너의 것이다.,去石楠村找塔姆辛。之后，每一道地平线都任你抵达。
INV_EMPTY_HINT,Nothing here yet. Explore!,Aún no hay nada. ¡Explora!,Nada aqui ainda. Explore!,Rien pour l'instant. Explorez !,Noch nichts hier. Erkunde!,まだ何もない。探検しよう！,아직 아무것도 없어요. 탐험하세요!,这里还空着。去探索吧！
INV_SELECT_HINT,Tap an item to see details.,Toca un objeto para ver detalles.,Toque um item para ver detalhes.,Touchez un objet pour les détails.,Tippe auf einen Gegenstand.,アイテムをタップで詳細。,아이템을 탭하면 상세 정보.,点击物品查看详情。
ITEM_AMBER_SAP,Amber Sap,Savia Ámbar,Seiva Âmbar,Sève d'Ambre,Bernsteinharz,琥珀の樹液,호박 수액,琥珀树液
ITEM_AMBER_SAP_DESC,Sticky and very flammable.,Pegajosa y muy inflamable.,Grudenta e muito inflamável.,Collante et très inflammable.,Klebrig und leicht entzündlich.,粘って燃えやすい。,끈적하고 불이 잘 붙는다.,黏稠且极易燃。
ITEM_ANVIL_MAUL,Anvil Maul,Mazo Yunque,Marreta Bigorna,Masse Enclume,Ambosshammer,金床の大槌,모루 망치,铁砧大锤
ITEM_ANVIL_MAUL_DESC,Slow and crushing. Breaks rock and guard alike.,Lento y demoledor. Rompe rocas y guardias.,Lenta e esmagadora. Quebra rochas e defesas.,Lente et écrasante. Brise roche et garde.,Langsam und zermalmend. Bricht Fels und Deckung.,重く遅いが、岩も守りも砕く。,느리지만 파괴적. 바위도 방어도 부순다.,缓慢而沉重，岩石与防御皆可粉碎。
ITEM_BEAST_HIDE,Beast Hide,Piel de Bestia,Pele de Fera,Peau de Bête,Tierhaut,獣の皮,짐승 가죽,兽皮
ITEM_BEAST_HIDE_DESC,Warm hide for cold-weather gear.,Piel cálida para ropa de abrigo.,Pele quente para roupas de frio.,Peau chaude pour tenues d'hiver.,Warme Haut für Kälteschutz.,防寒具の材料になる。,방한구 재료가 되는 따뜻한 가죽.,保暖兽皮，可做御寒装备。
ITEM_BOUGH_CLUB,Bough Club,Garrote de Rama,Porrete de Galho,Gourdin de Branche,Astknüppel,枝の棍棒,나뭇가지 곤봉,树枝棍
ITEM_BOUGH_CLUB_DESC,A sturdy branch. Better than bare hands.,Una rama robusta. Mejor que las manos.,Um galho firme. Melhor que as mãos.,Une branche solide. Mieux que les poings.,Ein kräftiger Ast. Besser als nichts.,丈夫な枝。素手よりまし。,튼튼한 가지. 맨손보다 낫다.,结实的树枝，总比空手强。
ITEM_BULWARK_PLATE,Bulwark Plate,Placa de Baluarte,Placa de Baluarte,Plaque de Rempart,Bollwerkplatte,ブルワークの装甲片,성벽거인의 판,壁垒甲片
ITEM_BULWARK_PLATE_DESC,Dense metal shell. Heavy and valuable.,Caparazón metálico denso. Pesado y valioso.,Casca metálica densa. Pesada e valiosa.,Carapace de métal dense. Lourde et précieuse.,Dichte Metallschale. Schwer und wertvoll.,重く価値ある金属殻。,무겁고 값진 금속 껍질.,致密的金属外壳，沉重而珍贵。
ITEM_CAP_MUSHROOM,Capmushroom,Seta Sombrero,Cogumelo Chapéu,Champi-chapeau,Hutpilz,カサキノコ,갓버섯,帽菇
ITEM_CAP_MUSHROOM_DESC,Restores stamina.,Recupera aguante.,Recupera vigor.,Rend de l'endurance.,Stellt Ausdauer her.,がんばりを回復。,기력을 회복한다.,恢复耐力。
ITEM_CLIMBER_GLOVES,Climber's Gloves,Guantes de Escalador,Luvas de Escalador,Gants de Grimpeur,Klettererhandschuhe,登攀手袋,등반가의 장갑,攀岩手套
ITEM_CLIMBER_GLOVES_DESC,Sure grip. Climb noticeably faster.,Agarre firme. Escalas mucho más rápido.,Pegada firme. Escala bem mais rápido.,Prise sûre. Grimpez bien plus vite.,Sicherer Griff. Deutlich schneller klettern.,しっかり掴める。登るのが速くなる。,단단한 그립. 훨씬 빨리 오른다.,抓握牢靠，攀爬明显更快。
ITEM_COOLING_SALAD,Cooling Salad,Ensalada Fresca,Salada Fresca,Salade Rafraîchissante,Kühler Salat,ひんやりサラダ,시원한 샐러드,清凉沙拉
ITEM_COOLING_SALAD_DESC,Resist the heat for a long time.,Resiste el calor durante mucho tiempo.,Resista ao calor por muito tempo.,Résiste longtemps à la chaleur.,Lange Hitzeschutz.,長く暑さに耐えられる。,오랫동안 더위를 견딘다.,长时间抵御炎热。
ITEM_CURRENT_THREAD,Current Thread,Hilo de Corriente,Fio de Corrente,Fil de Courant,Strömungsfaden,気流の糸,기류의 실,气流之线
ITEM_CURRENT_THREAD_DESC,Woven into the Vela: gliding costs much less stamina.,Tejido en la Vela: planear gasta mucho menos aguante.,Tecido na Vela: planar gasta muito menos vigor.,Tissé dans la Vela : planer coûte bien moins d'endurance.,In die Vela gewebt: Gleiten kostet viel weniger Ausdauer.,ベラに編み込む。滑空のがんばり消費が大幅に減る。,벨라에 짜 넣으면 활공 기력 소모가 크게 준다.,织入风帆后，滑翔消耗的耐力大幅减少。
ITEM_DUNE_WRAP,Dune Wrap,Manto de Duna,Manto de Duna,Drapé des Dunes,Dünenwickel,砂丘の外套,사구 망토,沙丘披风
ITEM_DUNE_WRAP_DESC,Layered linen that breathes. Heat resistance.,Lino en capas que respira. Resistencia al calor.,Linho em camadas que respira. Resistência ao calor.,Lin en couches qui respire. Résistance à la chaleur.,Atmendes Leinen in Lagen. Hitzeresistenz.,重ねた麻が風を通す。耐暑。,숨 쉬는 겹겹의 리넨. 더위 저항.,层叠亚麻，透气。耐热。
ITEM_EMBERROOT,Emberroot,Raíz de Brasa,Raiz-brasa,Racine-braise,Glutwurzel,熾火根,불씨뿌리,余烬根
ITEM_EMBERROOT_DESC,Spicy. Warms you from the inside.,Picante. Te calienta por dentro.,Picante. Aquece por dentro.,Épicée. Réchauffe de l'intérieur.,Scharf. Wärmt von innen.,辛い。体の中から温まる。,맵다. 속부터 따뜻해진다.,辛辣，由内而外地温暖。
ITEM_EMBER_ROD,Ember Rod,Vara de Brasa,Vara de Brasa,Bâton de Braise,Glutstab,熾火の杖,불씨 지팡이,余烬杖
ITEM_EMBER_ROD_DESC,Every strike sets things alight. Hold to hurl a fire bolt.,Cada golpe prende fuego. Mantén para lanzar un proyectil ígneo.,Cada golpe incendeia. Segure para lançar fogo.,Chaque coup embrase. Maintenez pour lancer un trait de feu.,Jeder Schlag entzündet. Halten für einen Feuerbolzen.,打つたびに火がつく。長押しで火炎弾。,때릴 때마다 불이 붙는다. 길게 눌러 화염탄.,每次攻击都会点燃目标。长按发射火焰弹。
ITEM_FANG_PEPPER,Fang Pepper,Ají Colmillo,Pimenta Presa,Piment Croc,Reißzahnpfeffer,キバトウガラシ,송곳니 고추,獠牙辣椒
ITEM_FANG_PEPPER_DESC,Fiery. Raises attack for a while.,Ardiente. Sube el ataque un rato.,Ardente. Aumenta o ataque por um tempo.,Brûlant. Augmente l'attaque un moment.,Feurig. Stärkt eine Weile den Angriff.,激辛。しばらく攻撃アップ。,화끈하다. 잠시 공격력 상승.,火辣，短时间提升攻击。
ITEM_FIBER,Fiber,Fibra,Fibra,Fibre,Faser,繊維,섬유,纤维
ITEM_FIBER_DESC,Tough grass fibers for binding.,Fibras resistentes para atar.,Fibras resistentes para amarrar.,Fibres solides pour lier.,Zähe Grasfasern zum Binden.,縛るための丈夫な草の繊維。,묶는 데 쓰는 질긴 풀 섬유.,坚韧的草纤维，用于捆绑。
ITEM_FIERCE_SKEWER,Fierce Skewer,Brocheta Fiera,Espeto Feroz,Brochette Féroce,Wilder Spieß,激辛串焼き,화끈 꼬치,猛火串
ITEM_FIERCE_SKEWER_DESC,Raises attack.,Aumenta el ataque.,Aumenta o ataque.,Augmente l'attaque.,Erhöht den Angriff.,攻撃アップ。,공격력 상승.,提升攻击。
ITEM_FLINT,Flint,Pedernal,Sílex,Silex,Feuerstein,火打石,부싯돌,燧石
ITEM_FLINT_DESC,Sharp stone. Makes whetstones.,Piedra afilada. Sirve para piedras de afilar.,Pedra afiada. Faz pedras de amolar.,Pierre tranchante. Sert aux pierres à aiguiser.,Scharfer Stein. Ergibt Wetzsteine.,鋭い石。砥石の材料。,날카로운 돌. 숫돌 재료.,锋利的石头，可做磨刀石。
ITEM_FORGE_STONE,Forge Stone,Piedra de Forja,Pedra de Forja,Pierre de Forge,Schmiedestein,鍛冶石,대장간 돌,锻造石
ITEM_FORGE_STONE_DESC,"Fully restores any weapon, even heirlooms.","Restaura por completo cualquier arma, incluso reliquias.","Restaura totalmente qualquer arma, até relíquias.","Restaure entièrement toute arme, même héritée.","Stellt jede Waffe vollständig her, auch Erbstücke.",どんな武器も完全修復。形見も可。,모든 무기를 완전히 수리. 유물도 가능.,完全修复任何武器，包括传家宝。
ITEM_FROSTMINT,Frostmint,Menta Helada,Menta Gelada,Menthe Givrée,Frostminze,フロストミント,서리박하,霜薄荷
ITEM_FROSTMINT_DESC,Cooling. Helps in the heat.,Refrescante. Ayuda con el calor.,Refrescante. Ajuda no calor.,Rafraîchissante. Aide par forte chaleur.,Kühlend. Hilft bei Hitze.,ひんやり。暑さに効く。,시원하다. 더위에 좋다.,清凉，有助于抵御炎热。
ITEM_FUR_CAP,Fur Cap,Gorro de Piel,Gorro de Pele,Bonnet de Fourrure,Fellmütze,毛皮の帽子,털모자,毛皮帽
ITEM_FUR_CAP_DESC,Keeps your ears from freezing.,Evita que se te congelen las orejas.,Evita que as orelhas congelem.,Évite de geler des oreilles.,Schützt die Ohren vor Frost.,耳が凍らない。,귀가 얼지 않게 해준다.,防止耳朵冻僵。
ITEM_GLASS_SHARD,Glass Shard,Esquirla de Vidrio,Estilhaço de Vidro,Éclat de Verre,Glassplitter,硝子片,유리 조각,琉璃碎片
ITEM_GLASS_SHARD_DESC,Sand fused by an old sun. Merchants pay well.,Arena fundida por un sol antiguo. Los mercaderes pagan bien.,Areia fundida por um sol antigo. Mercadores pagam bem.,Sable fondu par un vieux soleil. Bien payé.,Von alter Sonne geschmolzener Sand. Händler zahlen gut.,古い陽に焼かれた砂。高く売れる。,옛 태양에 녹은 모래. 상인들이 비싸게 산다.,被古老烈日熔化的沙。商人出价很高。
ITEM_GLIMMER_SHARD,Glimmer Shard,Esquirla Brillante,Fragmento Cintilante,Éclat Scintillant,Schimmerscherbe,きらめく欠片,반짝이 조각,微光碎片
ITEM_GLIMMER_SHARD_DESC,Traders value these highly.,Los mercaderes las valoran mucho.,Mercadores valorizam muito.,Très prisé des marchands.,Händler schätzen sie sehr.,商人が高く評価する。,상인들이 높이 쳐준다.,商人们很看重这个。
ITEM_GLOWMOSS,Glowmoss,Musgo Brillante,Musgo Brilhante,Mousse Luisante,Leuchtmoos,ヒカリゴケ,빛이끼,荧光苔
ITEM_GLOWMOSS_DESC,Slowly mends wounds.,Cura heridas poco a poco.,Cura feridas aos poucos.,Soigne lentement les blessures.,Heilt Wunden langsam.,じわじわと傷を癒す。,상처를 천천히 치유한다.,缓慢愈合伤口。
ITEM_HEARTY_STEW,Hearty Stew,Guiso Contundente,Ensopado Reforçado,Ragoût Copieux,Kräftiger Eintopf,たっぷり煮込み,든든한 스튜,丰盛炖菜
ITEM_HEARTY_STEW_DESC,Restores health.,Recupera vida.,Recupera vida.,Rend de la vie.,Stellt Leben her.,体力を回復。,체력을 회복한다.,恢复生命。
ITEM_HONEYCOMB,Honeycomb,Panal,Favo de Mel,Rayon de Miel,Honigwabe,ハチの巣,벌집,蜂巢
ITEM_HONEYCOMB_DESC,Rich and energizing.,Rico y energizante.,Rico e energizante.,Riche et énergisant.,Reichhaltig und belebend.,濃厚で元気が出る。,진하고 활력을 준다.,浓郁且提神。
ITEM_HONEY_PEAR_TART,Honey-Pear Tart,Tarta de Miel y Pera,Torta de Mel e Pera,Tarte Miel-Poire,Honig-Birnen-Tarte,ハチミツ梨のタルト,꿀배 타르트,蜜梨挞
ITEM_HONEY_PEAR_TART_DESC,A secret recipe. Heals greatly and overfills stamina.,Receta secreta. Cura mucho y rebasa el aguante.,Receita secreta. Cura muito e excede o vigor.,Recette secrète. Soigne beaucoup et dépasse l'endurance.,Geheimrezept. Heilt stark und überfüllt die Ausdauer.,秘伝のレシピ。大回復＋がんばり上限超え。,비밀 레시피. 크게 회복하고 기력을 초과 충전.,秘方。大量恢复并使耐力超出上限。
ITEM_IRON_INGOT,Iron Ingot,Lingote de Hierro,Lingote de Ferro,Lingot de Fer,Eisenbarren,鉄の延べ棒,철 주괴,铁锭
ITEM_IRON_INGOT_DESC,Refined iron for charms and forge stones.,Hierro refinado para amuletos y piedras de forja.,Ferro refinado para amuletos e pedras de forja.,Fer affiné pour talismans et pierres de forge.,Veredeltes Eisen für Amulette und Schmiedesteine.,お守りや鍛冶石に使う精錬鉄。,부적과 대장간 돌에 쓰는 정련된 철.,精炼铁，用于护符和锻造石。
ITEM_IRON_ORE,Iron Ore,Mineral de Hierro,Minério de Ferro,Minerai de Fer,Eisenerz,鉄鉱石,철광석,铁矿石
ITEM_IRON_ORE_DESC,Smelt at a campfire into ingots.,Fúndelo en una fogata para hacer lingotes.,Funda na fogueira em lingotes.,À fondre au feu de camp en lingots.,Am Lagerfeuer zu Barren schmelzen.,焚き火で延べ棒にできる。,모닥불에서 주괴로 제련.,可在篝火旁熔炼成锭。
ITEM_LODESTONE_CHARM,Lodestone Charm,Amuleto de Magnetita,Amuleto de Magnetita,Talisman de Magnétite,Magnetit-Amulett,磁石のお守り,자철석 부적,磁石护符
ITEM_LODESTONE_CHARM_DESC,"Draws lightning into the ground, away from you.","Desvía los rayos al suelo, lejos de ti.","Leva os raios ao chão, longe de você.","Détourne la foudre vers le sol, loin de vous.","Leitet Blitze in den Boden, weg von dir.",雷を地面へ逃がす。,번개를 땅으로 흘려보낸다.,将雷电引入地下，远离你。
ITEM_MENDING_TEA,Mending Tea,Té Reparador,Chá Restaurador,Thé Réparateur,Heiltee,癒やしの茶,치유의 차,疗愈茶
ITEM_MENDING_TEA_DESC,Health regenerates for a while.,La vida se regenera un tiempo.,A vida regenera por um tempo.,La vie se régénère un moment.,Leben regeneriert eine Weile.,しばらく体力が回復し続ける。,잠시 체력이 재생된다.,一段时间内持续恢复生命。
ITEM_MENTOR_JOURNAL,Oren's Journal,Diario de Oren,Diário de Oren,Journal d'Oren,Orens Tagebuch,オレンの日誌,오렌의 일지,奥伦的日志
ITEM_MENTOR_JOURNAL_DESC,"""The wind does not die. Something below is holding its breath.""",«El viento no muere. Algo bajo tierra contiene el aliento».,"""O vento não morre. Algo lá embaixo prende a respiração.""","« Le vent ne meurt pas. Quelque chose, dessous, retient son souffle. »",„Der Wind stirbt nicht. Etwas darunter hält den Atem an.“,「風は死なない。地の底で何かが息を止めているのだ」,"""바람은 죽지 않는다. 저 아래 무언가가 숨을 참고 있다.""",「风并未消亡。地下有什么东西屏住了呼吸。」
ITEM_MURKY_STEW,Murky Stew,Guiso Turbio,Ensopado Turvo,Ragoût Trouble,Trüber Eintopf,にごり煮,탁한 스튜,浑浊炖菜
ITEM_MURKY_STEW_DESC,Something went wrong. Still edible… barely.,Algo salió mal. Aún se come… apenas.,Algo deu errado. Ainda comestível… mal.,Quelque chose a raté. Encore mangeable… à peine.,Etwas lief schief. Noch essbar … gerade so.,何かを間違えた。かろうじて食べられる。,뭔가 잘못됐다. 겨우 먹을 만하다.,哪里出错了。勉强能吃……
ITEM_NOMAD_VEIL,Nomad Veil,Velo Nómada,Véu Nômade,Voile Nomade,Nomadenschleier,遊牧の面紗,유목민 베일,游牧面纱
ITEM_NOMAD_VEIL_DESC,Keeps sun and sand out of your eyes. Heat resistance.,Protege del sol y la arena. Resistencia al calor.,Protege do sol e da areia. Resistência ao calor.,Protège du soleil et du sable. Résistance à la chaleur.,Hält Sonne und Sand ab. Hitzeresistenz.,日差しと砂を防ぐ。耐暑。,햇빛과 모래를 막는다. 더위 저항.,遮挡烈日与风沙。耐热。
ITEM_QUARRY_SABER,Quarry Saber,Sable de Cantera,Sabre da Pedreira,Sabre de Carrière,Steinbruchsäbel,石切りの刀,채석장 세이버,采石军刀
ITEM_QUARRY_SABER_DESC,A quarry worker's blade. Balanced and dependable.,La hoja de un cantero. Equilibrada y fiable.,Lâmina de um pedreiro. Equilibrada e confiável.,La lame d'un carrier. Équilibrée et fiable.,Die Klinge eines Steinbrechers. Ausgewogen und verlässlich.,石工の刃。均整が取れて頼もしい。,석공의 칼날. 균형 잡히고 믿음직하다.,采石工人的刀，平衡可靠。
ITEM_RAW_MEAT,Raw Meat,Carne Cruda,Carne Crua,Viande Crue,Rohes Fleisch,生肉,생고기,生肉
ITEM_RAW_MEAT_DESC,Much better cooked.,Mucho mejor cocinada.,Muito melhor cozida.,Bien meilleure cuite.,Gekocht viel besser.,焼いた方がずっといい。,익히면 훨씬 낫다.,煮熟了好吃得多。
ITEM_RESIN_BOMB,Resin Bomb,Bomba de Resina,Bomba de Resina,Bombe de Résine,Harzbombe,樹脂爆弾,송진 폭탄,树脂炸弹
ITEM_RESIN_BOMB_DESC,Throw it. It bursts into flames.,Lánzala. Estalla en llamas.,Arremesse. Explode em chamas.,Lancez-la. Elle s'embrase.,Wirf sie. Sie geht in Flammen auf.,投げると炎を上げて弾ける。,던지면 불꽃으로 터진다.,投掷后会爆燃。
ITEM_SCUTTLER_CHITIN,Scuttler Chitin,Quitina de Correplaya,Quitina de Corredor,Chitine de Grouillard,Krabbler-Chitin,スカトラーの甲殻,스커틀러 껍질,爬沙虫甲壳
ITEM_SCUTTLER_CHITIN_DESC,Light armour plating. A crafting material.,Placa ligera. Material de fabricación.,Placa leve. Material de criação.,Plaque légère. Matériau d'artisanat.,Leichte Panzerplatte. Handwerksmaterial.,軽い甲板。素材。,가벼운 갑판. 제작 재료.,轻质甲片，制作材料。
ITEM_SHADE_ESSENCE,Shade Essence,Esencia de Sombra,Essência de Sombra,Essence d'Ombre,Schattenessenz,影の精,그림자 정수,影之精华
ITEM_SHADE_ESSENCE_DESC,"It holds perfectly still, even in your palm.","Permanece inmóvil, incluso en tu palma.","Fica perfeitamente imóvel, mesmo na palma.","Parfaitement immobile, même dans la paume.","Völlig reglos, selbst in der Hand.",手のひらの上でも、微動だにしない。,손바닥 위에서도 전혀 움직이지 않는다.,即使在掌心也纹丝不动。
ITEM_SPITTER_GLAND,Spitter Gland,Glándula de Escupidor,Glândula de Cuspidor,Glande de Cracheur,Speierdrüse,ツバハキの腺,침뱉개 분비샘,喷吐怪腺体
ITEM_SPITTER_GLAND_DESC,Burns on contact. A reactive ingredient.,Quema al contacto. Ingrediente reactivo.,Queima ao toque. Ingrediente reativo.,Brûle au contact. Ingrédient réactif.,Ätzt bei Berührung. Reaktive Zutat.,触れると焼ける。反応性の素材。,닿으면 탄다. 반응성 재료.,触之灼伤，活性材料。
ITEM_STAMINA_BLOOM,Stamina Bloom,Flor de Aguante,Flor de Vigor,Fleur d'Endurance,Ausdauerblüte,がんばりの花,기력의 꽃,耐力之花
ITEM_STAMINA_BLOOM_DESC,Eat to permanently raise your maximum stamina.,Cómela para aumentar tu aguante máximo para siempre.,Coma para aumentar o vigor máximo para sempre.,Mangez-la pour augmenter définitivement l'endurance max.,Essen erhöht dauerhaft deine maximale Ausdauer.,食べるとがんばりの上限が永久に増える。,먹으면 최대 기력이 영구히 증가.,食用后永久提升耐力上限。
ITEM_STONELEAF,Stoneleaf,Hoja Pétrea,Folha-pedra,Feuille-pierre,Steinblatt,イシノハ,돌잎,石叶
ITEM_STONELEAF_DESC,Bitter. Raises defense for a while.,Amarga. Sube la defensa un rato.,Amarga. Aumenta a defesa por um tempo.,Amère. Augmente la défense un moment.,Bitter. Stärkt eine Weile die Abwehr.,苦い。しばらく防御アップ。,쓰다. 잠시 방어력 상승.,苦涩，短时间提升防御。
ITEM_STOUT_ROAST,Stout Roast,Asado Robusto,Assado Robusto,Rôti Robuste,Deftiger Braten,がっしり焼き,든든 구이,坚实烤肉
ITEM_STOUT_ROAST_DESC,Raises defense.,Aumenta la defensa.,Aumenta a defesa.,Augmente la défense.,Erhöht die Abwehr.,防御アップ。,방어력 상승.,提升防御。
ITEM_SUNGLASS_BLADE,Sunglass Blade,Hoja de Vidrio Solar,Lâmina de Vidro Solar,Lame de Verre Solaire,Sonnenglasklinge,陽硝子の刃,태양유리 검,日琉璃刃
ITEM_SUNGLASS_BLADE_DESC,"Forged from the Matriarch's shell. Light, keen and warm to the touch.","Forjada con el caparazón de la Matriarca. Ligera, afilada y tibia al tacto.","Forjada da carapaça da Matriarca. Leve, afiada e morna ao toque.","Forgée dans la carapace de la Matriarche. Légère, tranchante, tiède.","Aus dem Panzer der Matriarchin geschmiedet. Leicht, scharf, warm.",女王の甲殻から鍛えた刃。軽く鋭く、ほのかに温かい。,여왕의 껍질로 벼린 검. 가볍고 날카로우며 따뜻하다.,以女王甲壳锻成。轻盈锋利，触之温热。
ITEM_SUNPEAR,Sunpear,Perasol,Pera-sol,Poire-soleil,Sonnenbirne,サンペア,태양배,日梨
ITEM_SUNPEAR_DESC,Sweet and juicy. Restores a little health.,Dulce y jugosa. Recupera algo de vida.,Doce e suculenta. Recupera um pouco de vida.,Sucrée et juteuse. Rend un peu de vie.,Süß und saftig. Heilt etwas.,甘くてみずみずしい。少し回復。,달고 즙이 많다. 체력을 조금 회복.,香甜多汁，恢复少量生命。
ITEM_SWIFTLEAF,Swiftleaf,Hoja Veloz,Folha-veloz,Feuille-vive,Flinkblatt,ハヤノハ,날쌘잎,疾叶
ITEM_SWIFTLEAF_DESC,Light-headed. Move faster for a while.,Te aligera. Te mueves más rápido un rato.,Deixa leve. Move-se mais rápido por um tempo.,Rend léger. Plus rapide un moment.,Macht leicht. Eine Weile schneller.,体が軽くなる。しばらく速く動ける。,몸이 가벼워진다. 잠시 빨라진다.,身轻如燕，短时间移动加快。
ITEM_SWIFT_SOUP,Swift Soup,Sopa Veloz,Sopa Veloz,Soupe Véloce,Flinke Suppe,はやてスープ,날쌘 수프,疾风汤
ITEM_SWIFT_SOUP_DESC,Move faster.,Te mueves más rápido.,Move-se mais rápido.,Déplacement plus rapide.,Schneller bewegen.,移動が速くなる。,더 빠르게 움직인다.,移动更快。
ITEM_THORN_FANG,Thorn Fang,Colmillo Espinoso,Presa Espinhosa,Croc Épineux,Dornzahn,イバラの牙,가시 송곳니,棘牙
ITEM_THORN_FANG_DESC,Taken from a thornling.,Arrancado a un espinoso.,Tirada de um espinhento.,Pris à un épineux.,Von einem Dornling.,イバラモノの牙。,가시짐승에게서 얻었다.,取自棘兽。
ITEM_TIDE_SPEAR,Tide Spear,Lanza de Marea,Lança da Maré,Lance des Marées,Gezeitenspeer,潮の槍,조류의 창,潮汐长枪
ITEM_TIDE_SPEAR_DESC,"Long reach, quick jabs. Hold to lunge.",Gran alcance y estocadas rápidas. Mantén para embestir.,"Grande alcance, golpes rápidos. Segure para investir.","Grande allonge, estocs rapides. Maintenez pour charger.","Große Reichweite, schnelle Stiche. Halten für Sturmangriff.",長い間合いと素早い突き。長押しで突進。,"긴 사거리, 빠른 찌르기. 길게 눌러 돌진.",攻击距离长，出手快。长按可突刺。
ITEM_TRAVELER_BOOTS,Traveler's Boots,Botas de Viajero,Botas de Viajante,Bottes du Voyageur,Reisestiefel,旅人の靴,여행자의 장화,旅人靴
ITEM_TRAVELER_BOOTS_DESC,Good for long roads.,Buenas para caminos largos.,Boas para longas estradas.,Idéales pour les longues routes.,Gut für lange Wege.,長旅向き。,먼 길에 좋다.,适合长途跋涉。
ITEM_TRAVELER_COAT,Traveler's Coat,Abrigo de Viajero,Casaco de Viajante,Manteau du Voyageur,Reisemantel,旅人の外套,여행자의 외투,旅人外套
ITEM_TRAVELER_COAT_DESC,"Worn, patched, reliable.","Gastado, remendado, fiable.","Gasto, remendado, confiável.","Usé, rapiécé, fiable.","Abgetragen, geflickt, verlässlich.",使い古しだが頼れる。,낡고 기웠지만 믿음직하다.,旧而补丁累累，却很可靠。
ITEM_TRAVELER_HOOD,Traveler's Hood,Capucha de Viajero,Capuz de Viajante,Capuche du Voyageur,Reisekapuze,旅人の頭巾,여행자의 두건,旅人兜帽
ITEM_TRAVELER_HOOD_DESC,Keeps the drizzle off.,Protege de la llovizna.,Protege da garoa.,Protège de la bruine.,Hält den Niesel ab.,小雨をしのぐ。,이슬비를 막아준다.,挡住细雨。
ITEM_VELA_GLIDER,Vela,Vela,Vela,Vela,Vela,ベラ,벨라,风帆
ITEM_VELA_GLIDER_DESC,Oren's kite-sail. Jump in mid-air to open it and ride the wind.,La vela-cometa de Oren. Salta en el aire para abrirla y montar el viento.,A vela-pipa de Oren. Pule no ar para abri-la e surfar o vento.,La voile-cerf-volant d'Oren. Sautez en l'air pour la déployer.,"Orens Drachensegel. In der Luft springen, um es zu öffnen.",オレンの凧帆。空中でジャンプして開き、風に乗る。,오렌의 연 돛. 공중에서 점프해 펼치고 바람을 탄다.,奥伦的风筝帆。空中跳跃即可展开，乘风而行。
ITEM_VIGOR_BROTH,Vigor Broth,Caldo Vigoroso,Caldo Vigoroso,Bouillon Vigueur,Kraftbrühe,活力スープ,활력 수프,活力肉汤
ITEM_VIGOR_BROTH_DESC,Restores stamina and speeds its recovery.,Recupera aguante y acelera su recuperación.,Recupera vigor e acelera a recuperação.,Rend de l'endurance et accélère sa récupération.,Stellt Ausdauer her und beschleunigt die Erholung.,がんばり回復＋回復速度アップ。,기력 회복 + 회복 속도 증가.,恢复耐力并加快恢复速度。
ITEM_VITAL_SEED,Vital Seed,Semilla Vital,Semente Vital,Graine Vitale,Lebenssamen,命の種,생명의 씨앗,生命之种
ITEM_VITAL_SEED_DESC,Eat to permanently raise your maximum health.,Cómela para aumentar tu vida máxima para siempre.,Coma para aumentar a vida máxima para sempre.,Mangez-la pour augmenter définitivement la vie max.,Essen erhöht dauerhaft dein maximales Leben.,食べると体力の上限が永久に増える。,먹으면 최대 체력이 영구히 증가.,食用后永久提升生命上限。
ITEM_WARMING_CURRY,Warming Curry,Curry Caliente,Curry Quente,Curry Réchauffant,Wärmendes Curry,ぽかぽかカレー,따끈한 카레,暖身咖喱
ITEM_WARMING_CURRY_DESC,Resist the cold for a long time.,Resiste el frío durante mucho tiempo.,Resista ao frio por muito tempo.,Résiste longtemps au froid.,Lange Kälteschutz.,長く寒さに耐えられる。,오랫동안 추위를 견딘다.,长时间抵御寒冷。
ITEM_WAYFARER_EDGE,Wayfarer's Edge,Filo del Caminante,Fio do Andarilho,Lame du Voyageur,Klinge des Wanderers,旅人の刃,나그네의 칼날,旅者之刃
ITEM_WAYFARER_EDGE_DESC,An heirloom blade. It never breaks; it only loses its edge.,Una hoja de reliquia. Nunca se rompe; solo pierde el filo.,Uma lâmina relíquia. Nunca quebra; só perde o fio.,"Une lame héritée. Elle ne casse jamais, elle s'émousse.","Eine Erbklinge. Sie bricht nie, sie wird nur stumpf.",受け継がれた刃。決して折れず、鈍るだけ。,대대로 내려온 칼. 부러지지 않고 무뎌질 뿐.,传承之刃，永不折断，只会变钝。
ITEM_WHETSTONE,Whetstone,Piedra de Afilar,Pedra de Amolar,Pierre à Aiguiser,Wetzstein,砥石,숫돌,磨刀石
ITEM_WHETSTONE_DESC,Restores half of a weapon's durability.,Recupera la mitad de la durabilidad de un arma.,Recupera metade da durabilidade da arma.,Rend la moitié de la solidité d'une arme.,Stellt die halbe Haltbarkeit einer Waffe her.,武器の耐久を半分回復。,무기 내구도를 절반 회복.,恢复武器一半耐久。
ITEM_WINDRUNNER_BAND,Windrunner Band,Brazal Correvientos,Bracelete Corre-vento,Bracelet Coursevent,Windläuferreif,風走りの腕輪,바람달리기 팔찌,逐风手环
ITEM_WINDRUNNER_BAND_DESC,"Lighter steps, quicker breath.","Pasos ligeros, aliento rápido.","Passos leves, fôlego rápido.","Pas légers, souffle vif.","Leichtere Schritte, schnellerer Atem.",足取り軽く、息も早く戻る。,"가벼운 발걸음, 빠른 숨.",步伐轻快，呼吸顺畅。
ITEM_WISP_FILAMENT,Wisp Filament,Filamento de Fatuo,Filamento de Fátuo,Filament de Feu follet,Irrlichtfaden,ヒトダマの糸,도깨비불 필라멘트,鬼火丝
ITEM_WISP_FILAMENT_DESC,Still buzzing with charge.,Aún zumba con carga.,Ainda zumbe de carga.,Grésille encore d'énergie.,Summt noch vor Ladung.,まだ電気を帯びている。,아직도 전기가 웅웅댄다.,仍带着电荷嗡嗡作响。
ITEM_WOOD_BUNDLE,Wood,Madera,Madeira,Bois,Holz,木材,나무,木材
ITEM_WOOD_BUNDLE_DESC,Burns well. Useful for crafting.,Arde bien. Útil para fabricar.,Queima bem. Útil para criar.,Brûle bien. Utile en artisanat.,Brennt gut. Nützlich zum Herstellen.,よく燃える。クラフトに使う。,잘 탄다. 제작에 쓰인다.,易燃，可用于制作。
ITEM_WOOLEN_WRAP,Woolen Wrap,Manto de Lana,Manta de Lã,Châle de Laine,Wollumhang,羊毛の外衣,양모 망토,羊毛披肩
ITEM_WOOLEN_WRAP_DESC,Thick woolhorn fleece. Warm in the highlands.,Vellón grueso de cuernolana. Abriga en las alturas.,Lã grossa de chifrelã. Aquece nas alturas.,Épaisse toison de cornelaine. Chaude en altitude.,Dickes Wollhornvlies. Warm im Hochland.,ウールホーンの厚い毛。高地で暖かい。,두툼한 양털뿔 털. 고원에서 따뜻하다.,厚实的绒角兽毛，在高地很暖和。
JOURNAL_ACTIVE,In progress,En curso,Em andamento,En cours,Laufend,進行中,진행 중,进行中
JOURNAL_DONE,Completed,Completadas,Concluídas,Terminées,Abgeschlossen,達成,완료,已完成
JOURNAL_EMPTY_HINT,Talk to people and explore: stories find those who wander.,Habla con la gente y explora: las historias encuentran a quien vaga.,Converse e explore: as histórias encontram quem vagueia.,Parlez aux gens et explorez : les histoires trouvent les errants.,Sprich mit Leuten und erkunde: Geschichten finden die Wanderer.,人と話し、歩き回ろう。物語は旅人を見つける。,사람들과 이야기하고 탐험하라. 이야기는 떠도는 자를 찾아온다.,与人交谈、四处探索：故事会找到漫游者。
JOURNAL_NONE,No quests yet.,Aún no hay misiones.,Nenhuma missão ainda.,Aucune quête pour l'instant.,Noch keine Aufgaben.,まだ依頼はない。,아직 임무가 없다.,暂无任务。
JOURNAL_OBJECTIVES,Objectives,Objetivos,Objetivos,Objectifs,Ziele,目標,목표,目标
JOURNAL_REWARDS,Rewards:,Recompensas:,Recompensas:,Récompenses :,Belohnungen:,報酬：,보상:,奖励：
LANG_DE,Deutsch,Deutsch,Deutsch,Deutsch,Deutsch,Deutsch,Deutsch,Deutsch
LANG_EN,English,English,English,English,English,English,English,English
LANG_ES,Español,Español,Español,Español,Español,Español,Español,Español
LANG_FR,Français,Français,Français,Français,Français,Français,Français,Français
LANG_JA,日本語,日本語,日本語,日本語,日本語,日本語,日本語,日本語
LANG_KO,한국어,한국어,한국어,한국어,한국어,한국어,한국어,한국어
LANG_PT,Português,Português,Português,Português,Português,Português,Português,Português
LANG_ZH,中文,中文,中文,中文,中文,中文,中文,中文
LOADING_READY,Ready,Listo,Pronto,Prêt,Bereit,準備完了,준비 완료,准备就绪
LOADING_TERRAIN,Raising the land…,Levantando la tierra…,Erguendo a terra…,Le relief se dessine…,Das Land erhebt sich …,大地を形作っています…,대지를 빚는 중…,大地正在成形……
LOADING_WORLD,Unfolding the map…,Desplegando el mapa…,Abrindo o mapa…,Dépliage de la carte…,Karte wird entfaltet …,地図を広げています…,지도를 펼치는 중…,正在展开地图……
LORE_BRIDGE,The crossing's keystone is carved with two currents that never touch.,La clave del puente muestra dos corrientes que nunca se tocan.,A pedra-chave da ponte mostra duas correntes que nunca se tocam.,La clé de voûte montre deux courants qui ne se touchent jamais.,"Der Schlussstein zeigt zwei Strömungen, die sich nie berühren.",要石には決して触れ合わない二つの流れが刻まれている。,쐐기돌에는 결코 닿지 않는 두 물결이 새겨져 있다.,拱心石上刻着两道永不相交的水流。
LORE_ECHO_CHAMBER,"The walls answer every footstep twice. At the heart, the builders left what they could not carry.","Los muros responden dos veces a cada paso. En el corazón, los constructores dejaron lo que no pudieron llevarse.","As paredes respondem duas vezes a cada passo. No centro, os construtores deixaram o que não puderam levar.","Les murs répondent deux fois à chaque pas. Au cœur, les bâtisseurs ont laissé ce qu'ils ne pouvaient emporter.","Die Mauern antworten jedem Schritt zweimal. Im Herzen ließen die Erbauer zurück, was sie nicht tragen konnten.",壁はどの足音にも二度応える。中心には、建てた者たちが運べなかったものが残されている。,벽은 모든 발소리에 두 번 대답한다. 중심에는 건축가들이 가져가지 못한 것이 남아 있다.,墙壁对每一步都回应两次。在中心，建造者留下了他们带不走的东西。
LORE_MAZE,An old labyrinth. Something valuable waits at its heart.,Un viejo laberinto. Algo valioso espera en su centro.,Um velho labirinto. Algo valioso espera no centro.,Un vieux labyrinthe. Un trésor attend en son cœur.,Ein altes Labyrinth. In seinem Herzen wartet etwas Wertvolles.,古い迷宮。その中心に価値あるものが待つ。,오래된 미궁. 그 중심에 귀한 것이 기다린다.,古老的迷宫。它的中心藏着珍贵之物。
LORE_MOSS_CRYPT,Here rest the sail-weavers. Their last thread still pulls toward the sky.,Aquí descansan los tejedores de velas. Su último hilo aún tira hacia el cielo.,Aqui descansam os tecelões de velas. O último fio ainda puxa para o céu.,Ici reposent les tisseurs de voiles. Leur dernier fil tire encore vers le ciel.,Hier ruhen die Segelweber. Ihr letzter Faden zieht noch immer zum Himmel.,帆織りたちここに眠る。最後の糸は今も空へと引かれている。,돛을 짜던 이들이 여기 잠들다. 그들의 마지막 실은 아직도 하늘을 향한다.,织帆人长眠于此。他们最后的丝线仍向着天空牵引。
LORE_OASIS,"The nomads' pavilion stands on Warden stones carried across the sand, one by one, over three generations.","El pabellón de los nómadas se alza sobre piedras de los Guardianes, cargadas por la arena una a una durante tres generaciones.","O pavilhão dos nômades ergue-se sobre pedras dos Guardiões, trazidas pela areia uma a uma por três gerações.","Le pavillon des nomades repose sur des pierres des Gardiens portées à travers le sable, une à une, sur trois générations.","Der Pavillon der Nomaden steht auf Hütersteinen, die drei Generationen lang Stück für Stück durch den Sand getragen wurden.",遊牧民の東屋は、三代かけて一つずつ砂を越えて運ばれた風守りの石の上に建つ。,유목민의 정자는 삼 대에 걸쳐 하나씩 모래를 건너 옮겨온 바람지기의 돌 위에 서 있다.,游牧民的凉亭建在守风人的石头上——三代人一块块穿越沙海搬运而来。
LORE_OVERLOOK,Stand in the ring and face the valley. The mountain exhales: step off and let it lift you.,Ponte en el anillo mirando al valle. La montaña exhala: da un paso y deja que te eleve.,Fique no anel de frente para o vale. A montanha expira: dê um passo e deixe-a erguer você.,Tenez-vous dans le cercle face à la vallée. La montagne expire : avancez et laissez-la vous porter.,"Stell dich in den Ring, mit Blick ins Tal. Der Berg atmet aus: Tritt hinaus und lass dich tragen.",輪の中に立ち、谷を向け。山は息を吐く。踏み出して、持ち上げられよ。,고리 안에 서서 계곡을 바라보라. 산이 숨을 내쉰다. 한 걸음 내딛고 몸을 맡겨라.,站在石环中，面向山谷。山在呼气：迈出一步，让它托起你。
LORE_SHRINE,A wind stone. Travellers tie a ribbon here and ask for a kind road.,Una piedra del viento. Los viajeros atan aquí una cinta y piden un buen camino.,Uma pedra do vento. Viajantes amarram uma fita aqui e pedem um bom caminho.,Une pierre du vent. Les voyageurs y nouent un ruban et demandent une route clémente.,Ein Windstein. Reisende binden hier ein Band und bitten um einen guten Weg.,風の石。旅人はここにリボンを結び、良い道を願う。,바람의 돌. 나그네들은 여기 리본을 묶고 순탄한 길을 빈다.,一块风石。旅人在此系上丝带，祈求一路平安。
LORE_SUNKEN_HALL,"Its roof slid into the earth in one night. The Wardens left, but their lanterns were never taken down.","Su tejado se hundió en la tierra en una sola noche. Los Guardianes se fueron, pero nadie descolgó sus faroles.","Seu telhado afundou na terra numa só noite. Os Guardiões partiram, mas ninguém tirou suas lanternas.","Son toit a glissé dans la terre en une nuit. Les Gardiens sont partis, mais leurs lanternes sont restées.","Sein Dach versank in einer Nacht in der Erde. Die Hüter gingen, doch ihre Laternen blieben hängen.",屋根は一夜にして大地に沈んだ。風守りは去ったが、灯籠は下ろされなかった。,지붕은 하룻밤 새 땅속으로 가라앉았다. 바람지기들은 떠났지만 등불은 아무도 내리지 않았다.,屋顶在一夜之间沉入地下。守风人离去了，灯笼却从未被取下。
LORE_SUN_VAULT,Glass-fused walls. Scratched inside: 'We sealed the east wind here so it would not be forgotten.',Muros fundidos en vidrio. Rayado dentro: «Sellamos aquí el viento del este para que no fuera olvidado».,"Paredes fundidas em vidro. Riscado dentro: ""Selamos aqui o vento leste para que não fosse esquecido.""",Murs vitrifiés. Gravé à l'intérieur : « Nous avons scellé ici le vent d'est pour qu'on ne l'oublie pas. »,"Zu Glas verschmolzene Wände. Innen eingeritzt: „Wir versiegelten hier den Ostwind, damit er nicht vergessen wird.“",硝子化した壁。内側に刻まれた言葉――「東風をここに封じた。忘れられぬように」,유리처럼 녹은 벽. 안쪽의 글귀: '잊히지 않도록 여기 동풍을 봉인했다.',熔成琉璃的墙壁。内侧刻着：“我们在此封存东风，以免它被遗忘。”
LORE_TEMPLE,The Wind Wardens raised this court where the valley winds meet. Carved over the altar: 'We do not hold the wind. We give it somewhere to go.',Los Guardianes del Viento alzaron este patio donde se cruzan los vientos del valle. Tallado sobre el altar: «No retenemos el viento. Le damos un lugar adonde ir.»,Os Guardiões do Vento ergueram este pátio onde os ventos do vale se encontram. Entalhado sobre o altar: «Não prendemos o vento. Damos a ele um lugar para ir.»,Les Gardiens du Vent ont bâti cette cour où se croisent les vents de la vallée. Gravé sur l'autel : « Nous ne retenons pas le vent. Nous lui offrons un chemin. »,"Die Windhüter errichteten diesen Hof, wo sich die Talwinde treffen. Über dem Altar: „Wir halten den Wind nicht. Wir geben ihm einen Weg.“",風守りは谷の風が出会う場所にこの庭を築いた。祭壇に刻まれた言葉――「風を捕らえはしない。行き先を与えるのだ」,바람지기들은 골짜기 바람이 만나는 곳에 이 뜰을 세웠다. 제단 위 글귀: '우리는 바람을 붙잡지 않는다. 갈 곳을 내어줄 뿐.',守风人在谷风交汇之处筑起此庭。祭坛上刻着：“我们不囚风，只为它指一条去路。”
LORE_TITLE_VILLAGE,Heath Stone,Piedra del Brezo,Pedra da Urze,Pierre de la Lande,Heidestein,ヒースの石碑,히스의 비석,石楠碑
LORE_TOWER,A watch post of the wind-keepers. Scratched on the floor: a map of lights on the mountain.,Un puesto de los guardianes del viento. Rayado en el suelo: un mapa de luces en la montaña.,Um posto dos guardiões do vento. Riscado no chão: um mapa de luzes na montanha.,Un poste des gardiens du vent. Gravée au sol : une carte de lumières sur la montagne.,Ein Wachposten der Windhüter. In den Boden geritzt: eine Karte von Lichtern am Berg.,風守りの見張り台。床には山の灯りを記した地図が刻まれている。,바람지기의 감시탑. 바닥에 긁힌 자국: 산 위 불빛들의 지도.,守风人的哨所。地上刻着一幅山间灯火的地图。
LORE_VILLAGE_STONE,"Carved long ago: ""When the Stillwake stirs, the wind forgets its way. Sing to the stones and it will remember.""","Tallado hace mucho: «Cuando la Quietud despierta, el viento olvida su camino. Canta a las piedras y lo recordará».","Entalhado há muito: ""Quando a Quietude desperta, o vento esquece o caminho. Cante às pedras e ele lembrará.""","Gravé jadis : « Quand le Calme s'éveille, le vent oublie sa route. Chantez aux pierres et il s'en souviendra. »","Vor langer Zeit gemeißelt: „Wenn die Stille erwacht, vergisst der Wind seinen Weg. Sing zu den Steinen, und er erinnert sich.“",古い刻文：「静寂が目覚めるとき、風は道を忘れる。石に歌えば、風は思い出す」,"오래전 새겨진 글: ""고요가 깨어나면 바람은 길을 잊는다. 돌에게 노래하면 기억하리라.""",古老的刻文：「寂静苏醒之时，风将迷失其路。向石头歌唱，它便会想起。」
MAP_HINT,Tap to place a pin,Toca para poner un marcador,Toque para marcar,Touchez pour placer un repère,Tippen für Markierung,タップでピンを置く,탭하여 핀 놓기,点击放置标记
MENU_CONTINUE,Continue,Continuar,Continuar,Continuer,Fortsetzen,つづきから,이어하기,继续游戏
MENU_NEW_GAME,New journey,Nuevo viaje,Nova jornada,Nouveau voyage,Neue Reise,はじめから,새 여정,新的旅程
MENU_NO,No,No,Não,Non,Nein,いいえ,아니요,否
MENU_OVERWRITE,Start a new journey? Your current progress will be lost.,¿Empezar un nuevo viaje? Se perderá el progreso actual.,Começar uma nova jornada? O progresso atual será perdido.,Commencer un nouveau voyage ? La progression actuelle sera perdue.,Neue Reise beginnen? Der aktuelle Fortschritt geht verloren.,新しく始めますか？現在の進行状況は失われます。,새 여정을 시작할까요? 현재 진행 상황이 사라집니다.,开始新的旅程？当前进度将会丢失。
MENU_QUIT,Quit,Salir,Sair,Quitter,Beenden,終了,종료,退出
MENU_SUBTITLE,Every horizon is reachable.,Todo horizonte es alcanzable.,Todo horizonte é alcançável.,Chaque horizon est à portée.,Jeder Horizont ist erreichbar.,すべての地平線へ。,모든 지평선에 닿을 수 있다.,每一道地平线都触手可及。
MENU_YES,Yes,Sí,Sim,Oui,Ja,はい,예,是
MOUNT_TAMED,A companion of the wind,Un compañero del viento,Um companheiro do vento,Un compagnon du vent,Ein Gefährte des Windes,風の相棒,바람의 동료,风之伙伴
NAME_BULWARK,Bulwark,Baluarte,Baluarte,Rempart,Bollwerk,ブルワーク,성벽거인,壁垒巨人
NAME_BURROWHOP,Burrowhop,Saltamadrigueras,Saltatoca,Sautrou,Bauhüpfer,アナピョン,굴토끼,穴跳兽
NAME_CARTOGRAPHER,"Tamsin, cartographer","Tamsin, cartógrafa","Tamsin, cartógrafa","Tamsin, cartographe","Tamsin, Kartografin",地図職人タムシン,지도제작자 탐신,制图师塔姆辛
NAME_MATRIARCH,Glass Matriarch,Matriarca de Vidrio,Matriarca de Vidro,Matriarche de Verre,Glasmatriarchin,硝子の女王,유리 여왕,琉璃女王
NAME_MERCHANT,"Brask, trader","Brask, mercader","Brask, mercador","Brask, marchand","Brask, Händler",商人ブラスク,상인 브라스크,商人布拉斯克
NAME_NARRATOR,,,,,,,,
NAME_NOMAD,"Saffa, caravaneer","Saffa, caravanera","Saffa, caravaneira","Saffa, caravanière","Saffa, Karawanenführerin",隊商のサッファ,대상 사파,商队首领萨法
NAME_PLAYER,Apprentice,Aprendiz,Aprendiz,Apprenti·e,Lehrling,見習い,견습생,学徒
NAME_SCUTTLER,Scuttler,Correplaya,Corredor,Grouillard,Krabbler,スカトラー,스커틀러,爬沙虫
NAME_SHADE,Hush Shade,Sombra Callada,Sombra Calada,Ombre Muette,Stiller Schatten,沈黙の影,침묵의 그림자,寂影
NAME_SPITTER,Spitter,Escupidor,Cuspidor,Cracheur,Speier,ツバハキ,침뱉개,喷吐怪
NAME_THORNBACK,Thornback Sentinel,Centinela Espinazo,Sentinela Espinhaço,Sentinelle Dos-d'épine,Dornrücken-Wächter,茨背の番兵,가시등 파수꾼,荆背哨兵
NAME_THORNLING,Thornling,Espinoso,Espinhento,Épineux,Dornling,イバラモノ,가시짐승,棘兽
NAME_VILLAGER,Villager,Aldeano,Aldeão,Villageois,Dorfbewohner,村人,마을 사람,村民
NAME_WARDEN,Stillwake Warden,Guardián de la Quietud,Guardião da Quietude,Gardien du Calme,Wächter der Stille,静寂の番人,고요의 수호자,寂静守卫
NAME_WINDSTRIDER,Windstrider,Zancaviento,Passovento,Arpenteur-du-vent,Windschreiter,風渡り,바람걸음이,御风驹
NAME_WISP,Wisp,Fatuo,Fátuo,Feu follet,Irrlicht,ヒトダマ,도깨비불,鬼火
NAME_WOOLHORN,Woolhorn,Cuernolana,Chifrelã,Cornelaine,Wollhorn,ウールホーン,양털뿔,绒角兽
POI_ANCHOR_EAST,East Anchor,Ancla Este,Âncora Leste,Ancre Est,Ostanker,東の錨,동쪽 닻,东锚
POI_ANCHOR_NORTH,North Anchor,Ancla Norte,Âncora Norte,Ancre Nord,Nordanker,北の錨,북쪽 닻,北锚
POI_ANCHOR_WEST,West Anchor,Ancla Oeste,Âncora Oeste,Ancre Ouest,Westanker,西の錨,서쪽 닻,西锚
POI_BROKEN_TOWER,Broken Tower,Torre Rota,Torre Quebrada,Tour Brisée,Zerbrochener Turm,崩れた塔,부서진 탑,断塔
POI_CENDAL_SUMMIT,Cendal Summit,Cumbre de Cendal,Cume de Cendal,Sommet de Cendal,Cendal-Gipfel,センダル山頂,센달 정상,森达尔峰顶
POI_CLOUD_TEMPLE,Cloud Terrace Temple,Templo de las Terrazas de Nube,Templo dos Terraços de Nuvem,Temple des Terrasses de Nuées,Wolkenterrassen-Tempel,雲台の寺,구름 누대 사원,云台寺
POI_DAWN_WRECK,Dawn Wreck,Naufragio del Alba,Naufrágio da Aurora,Épave de l'Aube,Morgenwrack,暁の難破船,새벽 난파선,黎明残骸
POI_DRIFTING_ISLES,Drifting Isles,Islas a la Deriva,Ilhas à Deriva,Îles Dérivantes,Treibende Inseln,漂う島々,떠도는 섬들,漂浮群岛
POI_ECHO_CHAMBER,Echo Chamber,Cámara del Eco,Câmara do Eco,Chambre de l'Écho,Echokammer,木霊の間,메아리의 방,回声之室
POI_ELDER_TREE,Elder Tree,Árbol Anciano,Árvore Anciã,Arbre Ancien,Uralter Baum,古老の樹,원로 나무,长老之树
POI_FANG_CAMP,Fang Camp,Campamento Colmillo,Acampamento Presa,Camp du Croc,Reißzahnlager,牙の野営地,송곳니 야영지,獠牙营地
POI_GLASS_ARENA,Glass Hollow,Hondonada de Vidrio,Baixada de Vidro,Creux de Verre,Glasmulde,硝子の窪地,유리 분지,琉璃洼地
POI_HEATH_HAMLET,Heath Hamlet,Aldea del Brezo,Aldeia da Urze,Hameau de la Lande,Heideweiler,ヒースの村,히스 마을,石楠村
POI_HEATH_SHRINE,Heath Wind Shrine,Santuario del Brezo,Santuário da Urze,Sanctuaire de la Lande,Heide-Windschrein,ヒースの風祠,히스 바람 사당,石楠风祠
POI_JADE_BRIDGE,Jade Crossing,Paso de Jade,Passagem de Jade,Passage de Jade,Jadeübergang,翡翠の渡し,비취 다리,翠渡桥
POI_MOSS_CRYPT,Moss Crypt,Cripta del Musgo,Cripta do Musgo,Crypte Moussue,Moosgruft,苔の地下墓所,이끼 묘실,苔藓地穴
POI_NEEDLES,The Needles,Las Agujas,As Agulhas,Les Aiguilles,Die Nadeln,針の岩山,바늘 바위,针岩林
POI_STILL_HEART,The Still Heart,El Corazón Quieto,O Coração Quieto,Le Cœur Immobile,Das Stille Herz,静かなる心臓,고요한 심장,寂静之心
POI_SUNKEN_HALL,Sunken Hall,Salón Hundido,Salão Afundado,Salle Engloutie,Versunkene Halle,沈んだ広間,가라앉은 전각,沉殿
POI_SUNSCAR_OASIS,Sunscar Oasis,Oasis Solquemado,Oásis Queimassol,Oasis Brûlesoleil,Sonnennarben-Oase,陽灼けのオアシス,햇흉터 오아시스,日疤绿洲
POI_SUN_VAULT,Sun Vault,Cripta del Sol,Cripta do Sol,Caveau du Soleil,Sonnengewölbe,太陽の宝庫,태양의 금고,太阳宝库
POI_THORN_DEN,Thorn Den,Guarida Espinosa,Covil Espinhoso,Tanière Épineuse,Dornenbau,茨の巣穴,가시 굴,荆棘巢穴
POI_WAYSIDE_SHRINE,Wayside Wind Shrine,Santuario del Camino,Santuário do Caminho,Sanctuaire du Chemin,Wegschrein,道端の風祠,길가의 바람 사당,路旁风祠
POI_WIND_OVERLOOK,Wind Overlook,Mirador del Viento,Mirante do Vento,Belvédère du Vent,Windwarte,風の見晴台,바람 전망대,风之观景台
PROMPT_ANCHOR_GUARDED,Guarded,Custodiado,Guardado,Gardé,Bewacht,守られている,수호 중,有守卫
PROMPT_CAMP,Camp,Acampar,Acampar,Camp,Lager,野営,야영,扎营
PROMPT_DISMOUNT,Dismount,Bajar,Desmontar,Descendre,Absitzen,降りる,내리기,下坐骑
PROMPT_GATHER,Gather,Recoger,Colher,Cueillir,Sammeln,採る,채집,采集
PROMPT_LIGHT,Strike flint,Encender,Acender,Allumer,Anzünden,火打ち,불 붙이기,打火
PROMPT_MOUNT,Mount,Montar,Montar,Monter,Aufsitzen,乗る,올라타기,骑乘
PROMPT_OPEN,Open,Abrir,Abrir,Ouvrir,Öffnen,開ける,열기,打开
PROMPT_READ,Read,Leer,Ler,Lire,Lesen,読む,읽기,阅读
PROMPT_RELEASE,Release,Liberar,Libertar,Libérer,Lösen,解き放つ,해방,解放
PROMPT_TALK,Talk,Hablar,Falar,Parler,Reden,話す,대화,交谈
PROMPT_USE,Use,Usar,Usar,Utiliser,Benutzen,使う,사용,使用
QO_ANCHOR_EAST,Release the East Anchor,Libera el Ancla Este,Liberte a Âncora Leste,Libérez l'Ancre Est,Löse den Ostanker,東の錨を解く,동쪽 닻 해방,解放东锚
QO_ANCHOR_NORTH,Release the North Anchor,Libera el Ancla Norte,Liberte a Âncora Norte,Libérez l'Ancre Nord,Löse den Nordanker,北の錨を解く,북쪽 닻 해방,解放北锚
QO_ANCHOR_WEST,Release the West Anchor,Libera el Ancla Oeste,Liberte a Âncora Oeste,Libérez l'Ancre Ouest,Löse den Westanker,西の錨を解く,서쪽 닻 해방,解放西锚
QO_COLLECT_MUSHROOMS,Gather cap mushrooms,Recoge setas de sombrero,Colete cogumelos,Cueillez des champignons,Sammle Hutpilze,カサキノコを集める,갓버섯 모으기,采集伞菇
QO_COLLECT_SUNPEARS,Gather sunpears,Recoge solperas,Colete solperas,Cueillez des poires-soleil,Sammle Sonnenbirnen,ヒナシを集める,햇배 모으기,采集日梨
QO_DEFEAT_MATRIARCH,Defeat the Glass Matriarch,Derrota a la Matriarca de Vidrio,Derrote a Matriarca de Vidro,Vainquez la Matriarche de Verre,Besiege die Glasmatriarchin,硝子の女王を倒す,유리 여왕 처치,击败琉璃女王
QO_DEFEAT_THORNBACK,Defeat the temple's guardian,Derrota al guardián del templo,Derrote o guardião do templo,Vainquez le gardien du temple,Besiege den Tempelwächter,寺の守り手を倒す,사원의 수호자 처치,击败寺庙守护者
QO_DEFEAT_WARDEN,Face the Stillwake Warden,Enfréntate al Guardián de la Quietud,Enfrente o Guardião da Quietude,Affrontez le Gardien du Calme,Stelle dich dem Wächter der Stille,静寂の番人と対峙する,고요의 수호자와 대결,直面寂静守卫
QO_ECHO_HEART,Light the braziers and open the heart,Enciende los braseros y abre el corazón,Acenda os braseiros e abra o coração,Allumez les braseros et ouvrez le cœur,Entzünde die Becken und öffne das Herz,火鉢を灯し、中心を開く,화로를 밝히고 중심을 열기,点燃火盆，打开中心
QO_ENTER_DESERT,Cross the eastern shore into the desert,Cruza la costa este hasta el desierto,Atravesse a costa leste até o deserto,Traversez la côte est jusqu'au désert,Überquere die Ostküste in die Wüste,東の岸を越えて砂漠へ,동쪽 해안을 건너 사막으로,穿过东岸进入沙漠
QO_ENTER_VEIL,Cross the northern straits into the Veil,Cruza los estrechos del norte hacia el Velo,Atravesse os estreitos do norte até o Véu,Franchissez les détroits du nord vers le Voile,Überquere die Nordmeerengen in den Schleier,北の海峡を越えて帳へ,북쪽 해협을 건너 장막으로,穿过北方海峡进入帷幕
QO_FIND_ECHO,Find the Echo Chamber,Encuentra la Cámara del Eco,Encontre a Câmara do Eco,Trouvez la Chambre de l'Écho,Finde die Echokammer,木霊の間を見つける,메아리의 방 찾기,找到回声之室
QO_FIND_OASIS,Find the Sunscar Oasis,Encuentra el Oasis Solquemado,Encontre o Oásis Queimassol,Trouvez l'Oasis Brûlesoleil,Finde die Sonnennarben-Oase,陽灼けのオアシスを見つける,햇흉터 오아시스 찾기,找到日疤绿洲
QO_FIND_OVERLOOK,Climb to the Wind Overlook,Sube al Mirador del Viento,Suba ao Mirante do Vento,Montez au Belvédère du Vent,Steig zur Windwarte,風の見晴台へ登る,바람 전망대에 오르기,登上风之观景台
QO_FIND_SUNKEN,Find the Sunken Hall,Encuentra el Salón Hundido,Encontre o Salão Afundado,Trouvez la Salle Engloutie,Finde die versunkene Halle,沈んだ広間を見つける,가라앉은 전각 찾기,找到沉殿
QO_FIND_TEMPLE,Find the Cloud Terrace Temple,Encuentra el Templo de las Terrazas de Nube,Encontre o Templo dos Terraços de Nuvem,Trouvez le Temple des Terrasses de Nuées,Finde den Wolkenterrassen-Tempel,雲台の寺を見つける,구름 누대 사원 찾기,找到云台寺
QO_FIND_VAULT,Find the Sun Vault,Encuentra la Cripta del Sol,Encontre a Cripta do Sol,Trouvez le Caveau du Soleil,Finde das Sonnengewölbe,太陽の宝庫を見つける,태양의 금고 찾기,找到太阳宝库
QO_JADE_BRIDGE,Cross the Jade Crossing,Cruza el Paso de Jade,Atravesse a Passagem de Jade,Traversez le Passage de Jade,Überquere den Jadeübergang,翡翠の渡しを渡る,비취 다리 건너기,走过翠渡桥
QO_KILL_THORNLINGS,Drive off thornlings,Ahuyenta espinillos,Afaste espinhentos,Repoussez des épinards,Vertreibe Dornlinge,トゲモノを追い払う,가시꾼 퇴치,击退荆棘怪
QO_RETURN_MERCHANT,Bring them to Brask,Llévaselas a Brask,Leve-os a Brask,Apportez-les à Brask,Bring sie zu Brask,ブラスクに届ける,브라스크에게 가져가기,交给布拉斯克
QO_RETURN_NOMAD,Bring them to Saffa,Llévaselas a Saffa,Leve-as a Saffa,Apportez-les à Saffa,Bring sie zu Saffa,サッファに届ける,사파에게 가져가기,交给萨法
QO_RETURN_VILLAGER,Tell the villager,Avisa al aldeano,Avise o aldeão,Prévenez le villageois,Sag es dem Dorfbewohner,村人に伝える,마을 사람에게 알리기,告诉村民
QO_SHRINE_HEATH,Visit the Heath Wind Shrine,Visita el Santuario del Brezo,Visite o Santuário da Urze,Visitez le Sanctuaire de la Lande,Besuche den Heide-Windschrein,ヒースの風祠を訪れる,히스 바람 사당 방문,拜访石楠风祠
QO_SHRINE_WAYSIDE,Visit the Wayside Wind Shrine,Visita el Santuario del Camino,Visite o Santuário do Caminho,Visitez le Sanctuaire du Chemin,Besuche den Wegschrein,道端の風祠を訪れる,길가의 바람 사당 방문,拜访路旁风祠
QO_SUNKEN_CACHE,Recover the hidden cache,Recupera el alijo oculto,Recupere o esconderijo,Récupérez la cache,Birg das Versteck,隠された蓄えを回収する,숨겨진 은닉품 회수,找回藏匿之物
QO_TALK_CARTOGRAPHER,Talk to Tamsin in Heath Hamlet,Habla con Tamsin en la Aldea del Brezo,Fale com Tamsin na Aldeia da Urze,Parlez à Tamsin au Hameau de la Lande,Sprich mit Tamsin im Heideweiler,ヒースの村でタムシンと話す,히스 마을에서 탐신과 대화,在石楠村与塔姆辛交谈
QO_TALK_NOMAD,Speak with Saffa,Habla con Saffa,Fale com Saffa,Parlez à Saffa,Sprich mit Saffa,サッファと話す,사파와 대화,与萨法交谈
QO_TAME_STRIDER,Tame a wild windstrider,Doma un zancaviento salvaje,Dome um passovento selvagem,Apprivoisez un arpenteur sauvage,Zähme einen wilden Windschreiter,野生の風渡りを手なずける,야생 바람걸음이 길들이기,驯服一匹野生御风驹
QUEST_COMPLETED,Quest complete,Misión cumplida,Missão concluída,Quête accomplie,Aufgabe erfüllt,依頼達成,임무 완료,任务完成
QUEST_ECHOES,What the Echoes Keep,Lo que Guardan los Ecos,O que os Ecos Guardam,Ce que Gardent les Échos,Was die Echos hüten,木霊が守るもの,메아리가 지키는 것,回声守护之物
QUEST_ECHOES_DESC,"A labyrinth of pale stone, sealed by wind. Its braziers have been cold for a long time.","Un laberinto de piedra clara, sellado por el viento. Sus braseros llevan mucho tiempo fríos.","Um labirinto de pedra clara, selado pelo vento. Seus braseiros estão frios há muito.","Un labyrinthe de pierre pâle, scellé par le vent. Ses braseros sont froids depuis longtemps.","Ein Labyrinth aus hellem Stein, vom Wind versiegelt. Seine Kohlebecken sind lange kalt.",風に封じられた白い石の迷宮。火鉢は長く冷えたままだ。,바람으로 봉인된 흰 돌의 미궁. 화로는 오랫동안 차가웠다.,被风封印的白石迷宫。火盆早已冰冷多时。
QUEST_FIRST_WIND,The Apprentice's Road,El Camino del Aprendiz,O Caminho do Aprendiz,La Route de l'Apprenti,Der Weg des Lehrlings,見習いの道,견습생의 길,学徒之路
QUEST_FIRST_WIND_DESC,"Oren left without a word. Tamsin the cartographer has something of his, and a map with a temple marked high on the mountain's shoulder.","Oren se fue sin decir nada. Tamsin, la cartógrafa, guarda algo suyo y un mapa con un templo marcado en el hombro de la montaña.",Oren partiu sem dizer nada. A cartógrafa Tamsin guarda algo dele e um mapa com um templo marcado no ombro da montanha.,"Oren est parti sans un mot. Tamsin, la cartographe, garde un objet à lui et une carte où un temple est marqué sur l'épaule de la montagne.",Oren ging ohne ein Wort. Die Kartografin Tamsin hat etwas von ihm und eine Karte mit einem Tempel an der Bergschulter.,オレンは何も言わず去った。地図職人タムシンは彼の遺した物と、山の肩に寺が記された地図を持っている。,오렌은 말없이 떠났다. 지도제작자 탐신은 그의 물건과 산 어깨에 사원이 표시된 지도를 갖고 있다.,奥伦不告而别。制图师塔姆辛保管着他的东西，还有一张在山肩标出寺庙的地图。
QUEST_MUSHROOM,Brask's Stew,El Guiso de Brask,O Ensopado de Brask,Le Ragoût de Brask,Brasks Eintopf,ブラスクのシチュー,브라스크의 스튜,布拉斯克的炖菜
QUEST_MUSHROOM_DESC,"Brask swears his stew wins hearts, but he is out of cap mushrooms. They grow in shady, damp places.","Brask jura que su guiso conquista corazones, pero no le quedan setas de sombrero. Crecen en lugares húmedos y sombríos.","Brask jura que seu ensopado conquista corações, mas acabaram os cogumelos. Eles crescem em lugares úmidos e sombrios.","Brask jure que son ragoût conquiert les cœurs, mais il n'a plus de champignons. Ils poussent à l'ombre, dans l'humidité.","Brask schwört, sein Eintopf erobere Herzen, doch ihm fehlen Hutpilze. Sie wachsen an schattigen, feuchten Orten.",ブラスクのシチューは心をつかむらしいが、カサキノコが切れている。日陰の湿った場所に生える。,브라스크는 자기 스튜가 마음을 사로잡는다지만 갓버섯이 떨어졌다. 그늘지고 축축한 곳에서 자란다.,布拉斯克发誓他的炖菜能俘获人心，可伞菇用完了。它们长在阴暗潮湿之处。
QUEST_NOMAD_WATER,"Sweet Water, Sweet Fruit","Agua Dulce, Fruta Dulce","Água Doce, Fruta Doce","Eau Douce, Fruits Doux","Süßes Wasser, süße Frucht",甘い水、甘い実,단물과 단 열매,甘泉甜果
QUEST_NOMAD_WATER_DESC,The caravan's stores are running low. Saffa needs sunpears to keep her people going.,Las provisiones de la caravana se agotan. Saffa necesita solperas para su gente.,Os mantimentos da caravana estão acabando. Saffa precisa de solperas para seu povo.,Les réserves de la caravane s'épuisent. Saffa a besoin de poires-soleil pour les siens.,Die Vorräte der Karawane gehen zur Neige. Saffa braucht Sonnenbirnen für ihre Leute.,隊商の蓄えが尽きかけている。サッファは仲間のためにヒナシを必要としている。,대상의 식량이 바닥나고 있다. 사파는 동료들을 위해 햇배가 필요하다.,商队存粮将尽。萨法需要日梨来养活她的族人。
QUEST_RIBBONS,Ribbons for the Road,Cintas para el Camino,Fitas para a Estrada,Rubans pour la Route,Bänder für den Weg,道のリボン,길의 리본,路之丝带
QUEST_RIBBONS_DESC,"Wind stones stand along the old roads. Visit the shrines and the Jade Crossing, as travellers once did.","Las piedras del viento flanquean los viejos caminos. Visita los santuarios y el Paso de Jade, como hacían los viajeros.","Pedras do vento ladeiam as velhas estradas. Visite os santuários e a Passagem de Jade, como os viajantes faziam.","Des pierres du vent bordent les vieilles routes. Visitez les sanctuaires et le Passage de Jade, comme autrefois les voyageurs.","Windsteine säumen die alten Wege. Besuche die Schreine und den Jadeübergang, wie einst die Reisenden.",古い道沿いに風の石が立つ。昔の旅人のように祠と翡翠の渡しを巡ろう。,옛길을 따라 바람의 돌이 서 있다. 옛 나그네처럼 사당과 비취 다리를 찾아가라.,古道旁立着风石。像昔日旅人那样，拜访各座风祠与翠渡桥。
QUEST_SAND_VOICES,Voices in the Sand,Voces en la Arena,Vozes na Areia,Voix dans le Sable,Stimmen im Sand,砂の声,모래 속의 목소리,沙中之声
QUEST_SAND_VOICES_DESC,"The temple's murals point east, past the coast, to a desert where the wind was first buried. Find the caravan that still crosses it.","Los murales del templo señalan al este, más allá de la costa, a un desierto donde el viento fue enterrado por primera vez. Busca la caravana que aún lo cruza.","Os murais do templo apontam para o leste, além da costa, a um deserto onde o vento foi enterrado. Encontre a caravana que ainda o cruza.","Les fresques du temple désignent l'est, au-delà de la côte : un désert où le vent fut enterré. Trouvez la caravane qui le traverse encore.","Die Wandbilder des Tempels weisen nach Osten, über die Küste hinaus, in eine Wüste, wo der Wind begraben wurde. Finde die Karawane, die sie noch durchquert.",寺の壁画は東、海岸の先の砂漠を指す。風が最初に埋められた地だ。今もそこを渡る隊商を探せ。,"사원의 벽화는 해안 너머 동쪽, 바람이 처음 묻힌 사막을 가리킨다. 아직 그곳을 건너는 대상을 찾아라.",寺庙壁画指向东方海岸之外的沙漠——风最初被埋葬之地。去寻找仍在穿越沙漠的商队。
QUEST_STARTED,New quest,Nueva misión,Nova missão,Nouvelle quête,Neue Aufgabe,新たな依頼,새 임무,新任务
QUEST_STILL_HEART,The Still Heart,El Corazón Quieto,O Coração Quieto,Le Cœur Immobile,Das Stille Herz,静かなる心臓,고요한 심장,寂静之心
QUEST_STILL_HEART_DESC,"Beyond the northern straits a lake lies perfectly still. Something there is holding the world's breath. Free the three anchors, then face what waits at its heart.",Más allá de los estrechos del norte hay un lago perfectamente quieto. Algo allí contiene el aliento del mundo. Libera las tres anclas y enfréntate a lo que aguarda en su corazón.,Além dos estreitos do norte há um lago perfeitamente parado. Algo ali prende o fôlego do mundo. Liberte as três âncoras e enfrente o que espera em seu coração.,"Au-delà des détroits du nord, un lac reste parfaitement immobile. Quelque chose y retient le souffle du monde. Libérez les trois ancres, puis affrontez ce qui attend en son cœur.","Jenseits der Nordmeerengen liegt ein völlig stiller See. Etwas dort hält den Atem der Welt an. Löse die drei Anker und stelle dich dem, was in seinem Herzen wartet.",北の海峡の向こうに、微動だにしない湖がある。そこで何かが世界の息を止めている。三つの錨を解き、その中心で待つものと向き合え。,"북쪽 해협 너머, 완벽히 고요한 호수가 있다. 그곳의 무언가가 세상의 숨을 붙잡고 있다. 세 닻을 풀고 그 심장에서 기다리는 것과 맞서라.",北方海峡之外，有一片纹丝不动的湖。那里有东西屏住了世界的呼吸。解放三座锚，然后直面湖心等待之物。
QUEST_SUNKEN,The Sunken Hall,El Salón Hundido,O Salão Afundado,La Salle Engloutie,Die versunkene Halle,沈んだ広間,가라앉은 전각,沉殿
QUEST_SUNKEN_DESC,"Past the Mirror Lake, a Warden hall slid into the earth. Someone left a cache there before fleeing.","Pasado el Lago Espejo, un salón de los Guardianes se hundió en la tierra. Alguien dejó allí un alijo antes de huir.","Depois do Lago Espelho, um salão dos Guardiões afundou na terra. Alguém deixou ali um esconderijo antes de fugir.","Au-delà du Lac Miroir, une salle des Gardiens a glissé sous terre. Quelqu'un y a caché un trésor avant de fuir.",Hinter dem Spiegelsee versank eine Hüterhalle in der Erde. Jemand versteckte dort etwas vor der Flucht.,鏡の湖の先で、風守りの広間が地に沈んだ。逃げる前に誰かが蓄えを残している。,거울 호수 너머 바람지기의 전각이 땅속으로 가라앉았다. 누군가 도망치기 전 은닉품을 남겼다.,镜湖之外，一座守风人殿堂沉入地下。有人在逃离前留下了藏匿之物。
QUEST_THORN_CULL,Thorns at the Door,Espinas a la Puerta,Espinhos à Porta,Des Épines à la Porte,Dornen vor der Tür,戸口の茨,문 앞의 가시,门前荆棘
QUEST_THORN_CULL_DESC,Thornlings have been creeping toward the hamlet from their den in the south-west. Thin their numbers.,Los espinillos se acercan a la aldea desde su guarida al suroeste. Reduce su número.,Espinhentos se aproximam da aldeia vindos do covil a sudoeste. Diminua seu número.,Des épinards approchent du hameau depuis leur tanière au sud-ouest. Réduisez leur nombre.,Dornlinge kriechen aus ihrem Bau im Südwesten aufs Dorf zu. Dezimiere sie.,南西の巣穴からトゲモノが村へ近づいている。数を減らしてほしい。,남서쪽 굴에서 가시꾼들이 마을로 다가온다. 수를 줄여라.,荆棘怪正从西南巢穴向村子逼近。减少它们的数量。
QUEST_WINDSTRIDER,A Friend on the Plains,Un Amigo en las Llanuras,Um Amigo nas Planícies,Un Ami dans les Plaines,Ein Freund in der Ebene,平原の友,평원의 친구,原野之友
QUEST_WINDSTRIDER_DESC,"Wild windstriders graze east of the hamlet. Approach quietly, climb on and hold fast until it trusts you.","Zancavientos salvajes pastan al este de la aldea. Acércate en silencio, súbete y aguanta hasta que confíe en ti.","Passoventos selvagens pastam a leste da aldeia. Aproxime-se em silêncio, monte e segure firme até que confie em você.","Des arpenteurs sauvages paissent à l'est du hameau. Approchez sans bruit, montez et tenez bon jusqu'à gagner sa confiance.","Wilde Windschreiter grasen östlich des Dorfes. Schleiche dich an, sitz auf und halte durch, bis er dir vertraut.",村の東で野生の風渡りが草を食んでいる。静かに近づき、乗って、信頼されるまでしがみつこう。,마을 동쪽에서 야생 바람걸음이가 풀을 뜯는다. 조용히 다가가 올라타고 믿어줄 때까지 버텨라.,野生御风驹在村子东边吃草。悄悄靠近，骑上去，坚持到它信任你。
REGION_COAST,Dawn Coast,Costa del Alba,Costa da Aurora,Côte de l'Aube,Morgenküste,暁の海岸,새벽 해안,黎明海岸
REGION_DESERT,Sunscar Reach,Confín Solquemado,Confim Queimassol,Confins Brûlesoleil,Sonnennarben-Weite,陽灼けの荒野,햇흉터 황야,日疤荒原
REGION_FOREST,Threshold Wood,Bosque Umbral,Bosque Limiar,Bois du Seuil,Schwellenwald,境の森,문턱의 숲,门槛森林
REGION_HIGHLANDS,Cendal Highlands,Altos de Cendal,Altos de Cendal,Hauts de Cendal,Cendal-Hochland,センダル高地,센달 고원,森达尔高地
REGION_LAKESHORE,Mirror Lake,Lago Espejo,Lago Espelho,Lac Miroir,Spiegelsee,鏡の湖,거울 호수,镜湖
REGION_VALLEY,Heath Valley,Valle del Brezo,Vale da Urze,Val de la Lande,Heidetal,ヒースの谷,히스 계곡,石楠谷
REGION_VEIL,The Veil Reaches,Confines del Velo,Confins do Véu,Confins du Voile,Schleierweiten,帳の彼方,장막의 끝,帷幕之境
REWARD_GLIMMER,%d glimmer,%d destellos,%d lampejos,%d lueurs,%d Schimmer,きらめき%d,반짝임 %d,微光 %d
REWARD_HEALTH,More health,Más vida,Mais vida,Plus de vie,Mehr Leben,体力上昇,체력 증가,生命提升
REWARD_STAMINA,More stamina,Más aguante,Mais vigor,Plus d'endurance,Mehr Ausdauer,がんばり上昇,기력 증가,耐力提升
SET_ACCESSIBILITY,Accessibility & language,Accesibilidad e idioma,Acessibilidade e idioma,Accessibilité et langue,Barrierefreiheit & Sprache,アクセシビリティと言語,접근성 및 언어,辅助功能与语言
SET_AMBIENCE,Ambience,Ambiente,Ambiente,Ambiance,Umgebung,環境音,환경음,环境音
SET_ANALYTICS,Share anonymous usage data,Compartir datos de uso anónimos,Compartilhar dados anônimos,Partager des données anonymes,Anonyme Nutzungsdaten teilen,匿名の利用データを送信,익명 사용 데이터 공유,共享匿名使用数据
SET_AUDIO,Audio,Audio,Áudio,Audio,Audio,サウンド,오디오,音频
SET_AUTO_CAMERA,Auto camera,Cámara automática,Câmera automática,Caméra auto,Auto-Kamera,オートカメラ,자동 카메라,自动镜头
SET_BATTERY,Battery saver (30 FPS),Ahorro de batería (30 FPS),Economia de bateria (30 FPS),Économie de batterie (30 i/s),Akkusparmodus (30 FPS),省電力（30FPS）,배터리 절약 (30FPS),省电模式（30帧）
SET_CAMERA_SENS,Camera sensitivity,Sensibilidad de cámara,Sensibilidade da câmera,Sensibilité caméra,Kameraempfindlichkeit,カメラ感度,카메라 감도,镜头灵敏度
SET_CONTROLS,Controls & camera,Controles y cámara,Controles e câmera,Commandes et caméra,Steuerung & Kamera,操作とカメラ,조작 및 카메라,操作与镜头
SET_CONTROLS_OPACITY,Button opacity,Opacidad de botones,Opacidade dos botões,Opacité des boutons,Tastendeckkraft,ボタンの不透明度,버튼 불투명도,按钮透明度
SET_CONTROLS_SIZE,Button size,Tamaño de botones,Tamanho dos botões,Taille des boutons,Tastengröße,ボタンの大きさ,버튼 크기,按钮大小
SET_DYNAMIC_RES,Dynamic resolution,Resolución dinámica,Resolução dinâmica,Résolution dynamique,Dynamische Auflösung,動的解像度,동적 해상도,动态分辨率
SET_FPS,Frame rate,FPS,FPS,Images/s,Bildrate,フレームレート,프레임,帧率
SET_GAME,Game,Partida,Jogo,Partie,Spiel,ゲーム,게임,游戏
SET_GRAPHICS,Graphics & performance,Gráficos y rendimiento,Gráficos e desempenho,Graphismes et performances,Grafik & Leistung,グラフィックと性能,그래픽 및 성능,画面与性能
SET_INVERT_Y,Invert vertical,Invertir vertical,Inverter vertical,Inverser l'axe vertical,Vertikal invertieren,上下反転,상하 반전,垂直反转
SET_LANGUAGE,Language,Idioma,Idioma,Langue,Sprache,言語,언어,语言
SET_LANG_AUTO,Device language,Idioma del dispositivo,Idioma do dispositivo,Langue de l'appareil,Gerätesprache,端末の言語,기기 언어,设备语言
SET_LEFT_HANDED,Left-handed layout,Diseño para zurdos,Layout canhoto,Disposition gaucher,Linkshänder-Layout,左利き配置,왼손잡이 배치,左手布局
SET_MUSIC,Music,Música,Música,Musique,Musik,音楽,음악,音乐
SET_PRIVACY,Privacy,Privacidad,Privacidade,Confidentialité,Datenschutz,プライバシー,개인정보,隐私
SET_QUALITY,Quality,Calidad,Qualidade,Qualité,Qualität,画質,품질,画质
SET_Q_AUTO,Auto,Automática,Automática,Auto,Auto,自動,자동,自动
SET_Q_HIGH,High,Alta,Alta,Haute,Hoch,高,높음,高
SET_Q_LOW,Low,Baja,Baixa,Basse,Niedrig,低,낮음,低
SET_Q_MEDIUM,Medium,Media,Média,Moyenne,Mittel,中,중간,中
SET_Q_ULTRA,Ultra,Ultra,Ultra,Ultra,Ultra,最高,최상,极高
SET_SFX,Effects,Efectos,Efeitos,Effets,Effekte,効果音,효과음,音效
SET_SHOW_FPS,Show FPS,Mostrar FPS,Mostrar FPS,Afficher les i/s,FPS anzeigen,FPS表示,FPS 표시,显示帧率
SET_SUBTITLES,Subtitles,Subtítulos,Legendas,Sous-titres,Untertitel,字幕,자막,字幕
SET_TEXT_SIZE,Text size,Tamaño de texto,Tamanho do texto,Taille du texte,Textgröße,文字サイズ,글자 크기,文字大小
SET_TRAVELER,Traveler set (3): faster stamina recovery,Conjunto viajero (3): recuperas aguante antes,Conjunto viajante (3): vigor recupera mais rápido,Tenue du voyageur (3) : endurance plus rapide,Reiseset (3): schnellere Ausdauer,旅人セット(3)：がんばり回復アップ,여행자 세트(3): 기력 회복 증가,旅人套装(3)：耐力恢复加快
SET_VIBRATION,Vibration,Vibración,Vibração,Vibration,Vibration,振動,진동,振动
SHOP_BUY,Buy,Comprar,Comprar,Acheter,Kaufen,買う,구매,购买
SHOP_HAMLET,Brask's Stall,Puesto de Brask,Banca de Brask,Échoppe de Brask,Brasks Stand,ブラスクの露店,브라스크의 좌판,布拉斯克的摊位
SHOP_OASIS,Saffa's Caravan,Caravana de Saffa,Caravana de Saffa,Caravane de Saffa,Saffas Karawane,サッファの隊商,사파의 대상,萨法的商队
SHOP_PURSE,Purse: %d ✦,Bolsa: %d ✦,Bolsa: %d ✦,Bourse : %d ✦,Beutel: %d ✦,所持金：%d ✦,지갑: %d ✦,钱袋：%d ✦
SHOP_SELL,Sell,Vender,Vender,Vendre,Verkaufen,売る,판매,出售
SLOT_ACCESSORY,Charm,Accesorio,Acessório,Accessoire,Zubehör,装飾,장신구,饰品
SLOT_BODY,Body,Cuerpo,Corpo,Corps,Körper,胴,몸,身体
SLOT_HEAD,Head,Cabeza,Cabeça,Tête,Kopf,頭,머리,头部
SLOT_LEGS,Legs,Piernas,Pernas,Jambes,Beine,脚,다리,腿部
SLOT_WEAPON,Weapon,Arma,Arma,Arme,Waffe,武器,무기,武器
STATUS_BURNING,Burning,Ardiendo,Queimando,En feu,Brennt,炎上,화상,燃烧
STATUS_CHILLED,Chilled,Helado,Gelado,Transi,Unterkühlt,冷え,냉기,冰冷
STATUS_FREEZING,Freezing!,¡Congelándote!,Congelando!,Gelé !,Frierst!,凍えている！,얼어붙는 중!,寒冷！
STATUS_HOT,Overheating!,¡Demasiado calor!,Superaquecendo!,Surchauffe !,Überhitzt!,暑すぎる！,과열!,过热！
STATUS_METAL_STORM,Metal in a storm!,¡Metal en la tormenta!,Metal na tempestade!,Métal sous l'orage !,Metall im Gewitter!,嵐に金属！,폭풍 속 금속!,雷雨中携带金属！
STATUS_SHOCKED,Shocked,Electrocutado,Eletrocutado,Électrocuté,Geschockt,感電,감전,触电
STATUS_WET,Wet,Mojado,Molhado,Mouillé,Nass,濡れ,젖음,潮湿
STAT_ATTACK,Attack,Ataque,Ataque,Attaque,Angriff,攻撃,공격,攻击
STAT_DAMAGE,Damage,Daño,Dano,Dégâts,Schaden,威力,피해,伤害
STAT_DEFENSE,Defense,Defensa,Defesa,Défense,Abwehr,防御,방어,防御
STAT_DURABILITY,Durability,Durabilidad,Durabilidade,Solidité,Haltbarkeit,耐久,내구도,耐久
STAT_HEALTH,Health,Vida,Vida,Vie,Leben,体力,체력,生命
STAT_HEIRLOOM,"Heirloom: never breaks, only blunts. Repair with a forge stone.","Reliquia: nunca se rompe, solo se mella. Repárala con piedra de forja.","Relíquia: nunca quebra, só perde o fio. Repare com pedra de forja.","Relique : ne casse jamais, s'émousse. Se répare à la pierre de forge.","Erbstück: bricht nie, wird nur stumpf. Mit Schmiedestein reparieren.",形見：壊れず鈍るだけ。鍛冶石で修理。,유물: 부서지지 않고 무뎌질 뿐. 대장간 돌로 수리.,传家宝：不会损坏，只会变钝。用锻造石修复。
STAT_METAL,Metal: attracts lightning in storms.,Metal: atrae rayos en tormentas.,Metal: atrai raios em tempestades.,Métal : attire la foudre par orage.,Metall: zieht bei Gewitter Blitze an.,金属：嵐で雷を呼ぶ。,금속: 폭풍 때 번개를 끌어들임.,金属：暴风雨中会引雷。
STAT_POTENCY,Potency,Potencia,Potência,Puissance,Stärke,効力,효력,效力
STAT_REACH,Reach,Alcance,Alcance,Portée,Reichweite,間合い,사거리,攻击范围
STAT_SPEED,Speed,Velocidad,Velocidade,Vitesse,Tempo,速さ,속도,速度
STAT_STAMINA,Stamina,Aguante,Vigor,Endurance,Ausdauer,がんばり,기력,耐力
TAB_CRAFTING,Crafting,Fabricar,Criar,Artisanat,Herstellen,クラフト,제작,制作
TAB_INVENTORY,Inventory,Inventario,Inventário,Inventaire,Inventar,持ち物,소지품,物品
TAB_JOURNAL,Journal,Diario,Diário,Journal,Tagebuch,日誌,일지,日志
TAB_MAP,Map,Mapa,Mapa,Carte,Karte,地図,지도,地图
TAB_SETTINGS,Settings,Ajustes,Ajustes,Options,Optionen,設定,설정,设置
TIP_1,"If you can see it, you can probably reach it. Climbing drains stamina: rest on ledges.","Si lo ves, probablemente puedas llegar. Escalar gasta aguante: descansa en salientes.","Se você vê, provavelmente pode chegar. Escalar gasta vigor: descanse nas saliências.","Si vous le voyez, vous pouvez sans doute l'atteindre. Grimper use l'endurance : reposez-vous sur les corniches.","Was du siehst, kannst du meist erreichen. Klettern kostet Ausdauer: Ruhe auf Vorsprüngen.",見えるなら、たぶん行ける。登るとがんばりを使う。岩棚で休もう。,보이면 대개 갈 수 있다. 등반은 기력을 소모한다. 턱에서 쉬자.,看得见的地方，大多到得了。攀爬消耗耐力，记得在岩架上休息。
TIP_2,"Jump, then jump again in mid-air to open the Vela.",Salta y vuelve a saltar en el aire para abrir la Vela.,Pule e pule de novo no ar para abrir a Vela.,"Sautez, puis sautez à nouveau en l'air pour déployer la Vela.","Spring und springe in der Luft erneut, um die Vela zu öffnen.",ジャンプ中にもう一度ジャンプでベラを開く。,점프 중 다시 점프하면 벨라가 펼쳐진다.,跳起后在空中再跳一次即可展开风帆。
TIP_3,Heat rises: glide over a fire to gain height.,El calor sube: planea sobre un fuego para ganar altura.,O calor sobe: plane sobre o fogo para ganhar altura.,La chaleur monte : planez au-dessus d'un feu pour prendre de la hauteur.,"Hitze steigt: Gleite über ein Feuer, um Höhe zu gewinnen.",熱は上へ。火の上を滑空すると高度が上がる。,열은 위로 오른다. 불 위를 활공하면 고도가 오른다.,热气上升：在火焰上方滑翔可以升高。
TIP_4,Wet rock is slippery. Sprinting and fighting are loud: enemies hear them.,La roca mojada resbala. Correr y luchar hace ruido: los enemigos lo oyen.,Rocha molhada escorrega. Correr e lutar faz barulho: inimigos ouvem.,La roche mouillée glisse. Courir et se battre fait du bruit : l'ennemi entend.,Nasser Fels ist rutschig. Sprinten und Kämpfen ist laut: Gegner hören es.,濡れた岩は滑る。走ると戦いの音は敵に聞こえる。,젖은 바위는 미끄럽다. 달리기와 전투 소리는 적이 듣는다.,湿滑的岩石会打滑。奔跑和战斗会发出声响，敌人听得到。
TIP_5,Unaware or sleeping enemies take double damage.,Los enemigos desprevenidos o dormidos reciben el doble de daño.,Inimigos distraídos ou dormindo recebem dano em dobro.,Les ennemis surpris ou endormis subissent le double de dégâts.,Ahnungslose oder schlafende Gegner erleiden doppelten Schaden.,油断や眠っている敵には2倍のダメージ。,방심하거나 잠든 적은 두 배의 피해를 받는다.,毫无防备或熟睡的敌人受到双倍伤害。
TIP_6,Cook at any campfire. Mix ingredients to discover new dishes.,Cocina en cualquier fogata. Mezcla ingredientes para descubrir platos.,Cozinhe em qualquer fogueira. Misture ingredientes para descobrir pratos.,Cuisinez à n'importe quel feu. Mélangez pour découvrir des plats.,"Koche an jedem Lagerfeuer. Mische Zutaten, um Gerichte zu entdecken.",焚き火で料理。組み合わせて新しい料理を見つけよう。,모닥불에서 요리하자. 재료를 섞어 새 요리를 발견하자.,在任何篝火旁都能烹饪。混合食材发现新菜肴。
TOAST_ANCHOR_GUARDED,Its guardians still hold it.,Sus guardianes aún lo sujetan.,Seus guardiões ainda o prendem.,Ses gardiens le tiennent encore.,Seine Wächter halten ihn noch.,守護者がまだ押さえている。,수호자들이 아직 붙잡고 있다.,守卫仍在把守。
TOAST_COOKED,Cooked: %s,Cocinado: %s,Cozido: %s,Cuisiné : %s,Gekocht: %s,完成：%s,완성: %s,做好了：%s
TOAST_DISCOVERED,Discovered: %s,Descubierto: %s,Descoberto: %s,Découvert : %s,Entdeckt: %s,発見：%s,발견: %s,发现：%s
TOAST_EXHAUSTED_WATER,Too tired to swim…,Demasiado cansado para nadar…,Cansado demais para nadar…,Trop épuisé pour nager…,Zu erschöpft zum Schwimmen …,泳ぐ力が尽きた…,헤엄칠 힘이 없다…,累得游不动了……
TOAST_GUARD_BROKEN,Guard broken!,¡Guardia rota!,Guarda quebrada!,Garde brisée !,Deckung gebrochen!,ガードが崩れた！,방어가 무너졌다!,防御被破！
TOAST_INVENTORY_FULL,No room for that,No hay espacio,Sem espaço,Plus de place,Kein Platz,持ちきれない,공간이 부족함,背包已满
TOAST_LIGHTNING_WARNING,Your metal gear is crackling… lightning is coming!,Tu equipo de metal chisporrotea… ¡viene un rayo!,Seu equipamento de metal estala… um raio vem aí!,Votre métal crépite… la foudre arrive !,Dein Metall knistert … ein Blitz kommt!,金属がパチパチ…雷が来る！,금속 장비가 지직거린다… 번개가 온다!,金属装备噼啪作响……雷要来了！
TOAST_MAX_HEALTH,Your heart grows stronger,Tu corazón se fortalece,Seu coração se fortalece,Votre cœur se renforce,Dein Herz wird stärker,体力の上限が増えた,최대 체력 증가,生命上限提升
TOAST_MAX_STAMINA,Your breath runs deeper,Tu aliento es más profundo,Seu fôlego se aprofunda,Votre souffle s'allonge,Dein Atem wird tiefer,がんばりの上限が増えた,최대 기력 증가,耐力上限提升
TOAST_NEEDS_INGOT,Heirlooms need a forge stone,Las reliquias requieren piedra de forja,Relíquias exigem pedra de forja,Les reliques exigent une pierre de forge,Erbstücke brauchen einen Schmiedestein,形見には鍛冶石が必要,유물은 대장간 돌이 필요함,传家宝需要锻造石
TOAST_NONE_LEFT,No %s left,No te queda %s,Sem %s,Plus de %s,Kein %s mehr,%sがない,%s 없음,没有%s了
TOAST_NOTHING_TO_REPAIR,Your weapon doesn't need repair,Tu arma no necesita reparación,Sua arma não precisa de reparo,Votre arme n'a pas besoin de réparation,Deine Waffe braucht keine Reparatur,修理の必要はない,수리가 필요 없음,武器无需修理
TOAST_NO_MOUNT,No mount answers yet.,Aún no responde ninguna montura.,Nenhuma montaria responde ainda.,Aucune monture ne répond encore.,Noch antwortet kein Reittier.,応える乗騎はまだいない。,아직 응답하는 탈것이 없다.,还没有坐骑回应。
TOAST_PUZZLE_SOLVED,The seal unravels.,El sello se deshace.,O selo se desfaz.,Le sceau se défait.,Das Siegel löst sich.,封印がほどけた。,봉인이 풀렸다.,封印解开了。
TOAST_REPAIRED,Weapon repaired,Arma reparada,Arma reparada,Arme réparée,Waffe repariert,修理した,무기 수리 완료,武器已修复
TOAST_RESTED,You feel rested,Te sientes descansado,Você se sente descansado,Vous êtes reposé,Du bist ausgeruht,よく休んだ,푹 쉬었다,休息好了
TOAST_SAVED,Progress saved,Progreso guardado,Progresso salvo,Progression sauvegardée,Fortschritt gespeichert,セーブしました,저장됨,进度已保存
TOAST_TAMING,Hold on! Keep your stamina up.,¡Aguanta! No te quedes sin aguante.,Segure firme! Não fique sem vigor.,Tenez bon ! Gardez de l'endurance.,Halt dich fest! Ausdauer bewahren.,しがみつけ！がんばりを切らすな。,버텨라! 기력을 유지해.,抓紧！别让耐力耗尽。
TOAST_THROWN,Thrown off!,¡Te ha derribado!,Você foi derrubado!,Désarçonné·e !,Abgeworfen!,振り落とされた！,떨어졌다!,被甩下来了！
TOAST_WEAPON_BROKE,%s broke!,¡%s se rompió!,%s quebrou!,%s s'est brisé !,%s ist zerbrochen!,%sが壊れた！,%s이(가) 부서졌다!,%s损坏了！
TOAST_WEAPON_WORN,%s is about to break,%s está a punto de romperse,%s está prestes a quebrar,%s va bientôt casser,%s zerbricht bald,%sが壊れそう,%s이(가) 곧 부서짐,%s快要损坏了
TOAST_WELCOME,Heath Hamlet,Aldea del Brezo,Aldeia da Urze,Hameau de la Lande,Heideweiler,ヒースの村,히스 마을,石楠村
WEATHER_CLEAR,Clear,Despejado,Limpo,Dégagé,Klar,晴れ,맑음,晴
WEATHER_CLOUDY,Cloudy,Nublado,Nublado,Nuageux,Bewölkt,くもり,흐림,多云
WEATHER_FOG,Fog,Niebla,Neblina,Brouillard,Nebel,霧,안개,雾
WEATHER_RAIN,Rain,Lluvia,Chuva,Pluie,Regen,雨,비,雨
WEATHER_SANDSTORM,Sandstorm,Tormenta de arena,Tempestade de areia,Tempête de sable,Sandsturm,砂嵐,모래폭풍,沙暴
WEATHER_SNOW,Snow,Nieve,Neve,Neige,Schnee,雪,눈,雪
WEATHER_STORM,Storm,Tormenta,Tempestade,Orage,Gewitter,嵐,폭풍,雷雨
WEATHER_WINDY,Windy,Ventoso,Ventania,Venteux,Windig,強風,강풍,大风
